Workbook

Sheet Data_Mentah
A1: No PO | B1: Tanggal PO | C1: Supplier | D1: Kode Barang | E1: Nama Barang | F1: Kategori | G1: Qty | H1: Harga Satuan | I1: Status PO | J1: Lead Time Janji (hari) | K1: Tanggal Terima Aktual
A2: PO-2024-0001 | B2: 2024-04-01 | C2: PT Indo Chemical | D2: BA701 | E2: Resin Polimer | F2: Bahan Baku | G2: 78 | H2: 500000 | I2: Cancelled | J2: 7
A3: PO-2024-0002 | B3: 2024-03-24 | C3: PT Mega Sparepart | D3: SP954 | E3: Sensor Proximity | F3: Sparepart Mesin | G3: 439 | H3: 500000 | I3: Approved | J3: 14
A4: PO-2024-0003 | B4: 2024-06-18 | C4: CV Anugrah Teknik | D4: CO909 | E4: Masker | F4: Consumables | G4: 357 | H4: 25000 | I4: Received | J4: 7 | K4: 2024-06-23
A5: PO-2024-0004 | B5: 2024-02-20 | C5: CV Anugrah Teknik | D5: SP448 | E5: Bearing 6205 | F5: Sparepart Mesin | G5: 314 | H5: 500000 | I5: Cancelled | J5: 7
A6: PO-2024-0005 | B6: 2024-01-16 | C6: PT Karya Abadi | D6: AT333 | E6: Ballpoint | F6: ATK | G6: 187 | H6: 1200000 | I6: Cancelled | J6: 10
A7: PO-2024-0006 | B7: 2024-04-05 | C7: PT Mega Sparepart | D7: CO187 | E7: Isolasi Kabel | F7: Consumables | G7: 400 | H7: 120000 | I7: Pending | J7: 3
A8: PO-2024-0007 | B8: 2024-02-12 | C8: PT Karya Abadi | D8: SP828 | E8: Gear Reducer | F8: Sparepart Mesin | G8: 406 | H8: 45000 | I8: Approved | J8: 7
A9: PO-2024-0008 | B9: 2024-07-03 | C9: CV Sentosa Jaya | D9: BA415 | E9: Plat Baja 2mm | F9: Bahan Baku | G9: 232 | H9: 250000 | I9: Pending | J9: 3
A10: PO-2024-0009 | B10: 2024-03-08 | C10: CV Sentosa Jaya | D10: SP559 | E10: Gear Reducer | F10: Sparepart Mesin | G10: 290 | H10: 1200000 | I10: Received | J10: 3 | K10: 2024-03-09
A11: PO-2024-0010 | B11: 2024-02-15 | C11: PT Indo Chemical | D11: BA711 | E11: Cat Epoxy | F11: Bahan Kimia | G11: 311 | H11: 250000 | I11: Pending | J11: 3
A12: PO-2024-0011 | B12: 2024-05-29 | C12: CV Anugrah Teknik | D12: AT842 | E12: Kertas A4 | F12: ATK | G12: 466 | H12: 1200000 | I12: Cancelled | J12: 5
A13: PO-2024-0012 | B13: 2024-10-19 | C13: CV Sinar Terang | D13: SP273 | E13: Gear Reducer | F13: Sparepart Mesin | G13: 76 | H13: 120000 | I13: Received | J13: 10 | K13: 2024-10-29
A14: PO-2024-0013 | B14: 2024-02-02 | C14: PT Baja Perkasa | D14: AT531 | E14: Map Folder | F14: ATK | G14: 158 | H14: 850000 | I14: Pending | J14: 7
A15: PO-2024-0014 | B15: 2024-05-08 | C15: CV Mitra Logistik | D15: CO708 | E15: Isolasi Kabel | F15: Consumables | G15: 320 | H15: 75000 | I15: Received | J15: 5 | K15: 2024-05-15
A16: PO-2024-0015 | B16: 2024-01-04 | C16: CV Anugrah Teknik | D16: BA489 | E16: Label Sticker | F16: Bahan Kemasan | G16: 416 | H16: 250000 | I16: Received | J16: 10 | K16: 2024-01-14
A17: PO-2024-0016 | B17: 2024-06-02 | C17: PT Indo Chemical | D17: BA590 | E17: Thinner | F17: Bahan Kimia | G17: 165 | H17: 45000 | I17: Cancelled | J17: 7
A18: PO-2024-0017 | B18: 2024-05-29 | C18: PT Global Packaging | D18: BA433 | E18: Thinner | F18: Bahan Kimia | G18: 197 | H18: 120000 | I18: Pending | J18: 10
A19: PO-2024-0018 | B19: 2024-07-05 | C19: CV Sentosa Jaya | D19: BA706 | E19: Thinner | F19: Bahan Kimia | G19: 284 | H19: 45000 | I19: Approved | J19: 14
A20: PO-2024-0019 | B20: 2024-01-14 | C20: PT Global Packaging | D20: CO548 | E20: Masker | F20: Consumables | G20: 413 | H20: 120000 | I20: Pending | J20: 3
A21: PO-2024-0020 | B21: 2024-07-28 | C21: PT Global Packaging | D21: SP347 | E21: Motor AC 1HP | F21: Sparepart Mesin | G21: 134 | H21: 45000 | I21: Approved | J21: 10
A22: PO-2024-0021 | B22: 2024-02-07 | C22: PT Global Packaging | D22: BA696 | E22: Degreaser | F22: Bahan Kimia | G22: 210 | H22: 1200000 | I22: Received | J22: 10 | K22: 2024-02-23
A23: PO-2024-0022 | B23: 2024-01-19 | C23: PT Indo Chemical | D23: CO708 | E23: Baterai AA | F23: Consumables | G23: 331 | H23: 25000 | I23: Received | J23: 5 | K23: 2024-01-27
A24: PO-2024-0023 | B24: 2024-03-26 | C24: PT Mega Sparepart | D24: BA760 | E24: Kawat Tembaga | F24: Bahan Baku | G24: 351 | H24: 500000 | I24: Cancelled | J24: 7
A25: PO-2024-0024 | B25: 2024-08-08 | C25: CV Sentosa Jaya | D25: BA364 | E25: Plat Baja 2mm | F25: Bahan Baku | G25: 118 | H25: 1200000 | I25: Approved | J25: 14
A26: PO-2024-0025 | B26: 2024-10-24 | C26: PT Mega Sparepart | D26: SP483 | E26: Gear Reducer | F26: Sparepart Mesin | G26: 205 | H26: 850000 | I26: Pending | J26: 14
A27: PO-2024-0026 | B27: 2024-12-19 | C27: CV Sinar Terang | D27: SP125 | E27: Motor AC 1HP | F27: Sparepart Mesin | G27: 252 | H27: 25000 | I27: Received | J27: 3 | K27: 2024-12-21
A28: PO-2024-0027 | B28: 2024-03-13 | C28: PT Indo Chemical | D28: BA566 | E28: Plastik Wrap | F28: Bahan Kemasan | G28: 406 | H28: 75000 | I28: Received | J28: 7 | K28: 2024-03-25
A29: PO-2024-0028 | B29: 2024-02-19 | C29: PT Global Packaging | D29: CO426 | E29: Isolasi Kabel | F29: Consumables | G29: 39 | H29: 120000 | I29: Received | J29: 3 | K29: 2024-02-20
A30: PO-2024-0029 | B30: 2024-06-24 | C30: CV Sentosa Jaya | D30: CO858 | E30: Masker | F30: Consumables | G30: 129 | H30: 1200000 | I30: Received | J30: 5 | K30: 2024-07-02
A31: PO-2024-0030 | B31: 2024-10-13 | C31: CV Anugrah Teknik | D31: AT916 | E31: Tinta Printer | F31: ATK | G31: 212 | H31: 45000 | I31: Received | J31: 10 | K31: 2024-10-27
A32: PO-2024-0031 | B32: 2024-01-15 | C32: PT Mega Sparepart | D32: SP706 | E32: Gear Reducer | F32: Sparepart Mesin | G32: 224 | H32: 500000 | I32: Received | J32: 5 | K32: 2024-01-21
A33: PO-2024-0032 | B33: 2024-05-22 | C33: CV Sentosa Jaya | D33: BA918 | E33: Cat Epoxy | F33: Bahan Kimia | G33: 451 | H33: 1200000 | I33: Received | J33: 7 | K33: 2024-05-30
A34: PO-2024-0033 | B34: 2024-08-22 | C34: CV Sentosa Jaya | D34: BA640 | E34: Lakban Bening | F34: Bahan Kemasan | G34: 499 | H34: 250000 | I34: Approved | J34: 14
A35: PO-2024-0034 | B35: 2024-07-19 | C35: PT Mega Sparepart | D35: BA460 | E35: Kain Katun Roll | F35: Bahan Baku | G35: 437 | H35: 850000 | I35: Approved | J35: 7
A36: PO-2024-0035 | B36: 2024-11-10 | C36: PT Mega Sparepart | D36: BA420 | E36: Resin Polimer | F36: Bahan Baku | G36: 65 | H36: 75000 | I36: Received | J36: 5 | K36: 2024-11-18
A37: PO-2024-0036 | B37: 2024-12-21 | C37: PT Baja Perkasa | D37: BA528 | E37: Degreaser | F37: Bahan Kimia | G37: 310 | H37: 45000 | I37: Approved | J37: 10
A38: PO-2024-0037 | B38: 2024-04-05 | C38: PT Global Packaging | D38: CO810 | E38: Baterai AA | F38: Consumables | G38: 475 | H38: 45000 | I38: Approved | J38: 10
A39: PO-2024-0038 | B39: 2024-05-27 | C39: PT Baja Perkasa | D39: SP962 | E39: Motor AC 1HP | F39: Sparepart Mesin | G39: 235 | H39: 15000 | I39: Pending | J39: 3
A40: PO-2024-0039 | B40: 2024-09-05 | C40: PT Baja Perkasa | D40: SP675 | E40: Gear Reducer | F40: Sparepart Mesin | G40: 263 | H40: 850000 | I40: Received | J40: 10 | K40: 2024-09-19
A41: PO-2024-0040 | B41: 2024-12-29 | C41: PT Global Packaging | D41: AT184 | E41: Tinta Printer | F41: ATK | G41: 294 | H41: 15000 | I41: Pending | J41: 5
A42: PO-2024-0041 | B42: 2024-05-29 | C42: PT Sumber Makmur | D42: BA650 | E42: Kardus Box L | F42: Bahan Kemasan | G42: 152 | H42: 45000 | I42: Pending | J42: 14
A43: PO-2024-0042 | B43: 2024-09-10 | C43: CV Sinar Terang | D43: BA686 | E43: Cat Epoxy | F43: Bahan Kimia | G43: 63 | H43: 120000 | I43: Pending | J43: 7
A44: PO-2024-0043 | B44: 2024-10-04 | C44: PT Sumber Makmur | D44: CO659 | E44: Isolasi Kabel | F44: Consumables | G44: 116 | H44: 500000 | I44: Received | J44: 5 | K44: 2024-10-11
A45: PO-2024-0044 | B45: 2024-01-17 | C45: PT Global Packaging | D45: BA982 | E45: Plastik Wrap | F45: Bahan Kemasan | G45: 423 | H45: 25000 | I45: Received | J45: 3 | K45: 2024-01-21
A46: PO-2024-0045 | B46: 2024-04-17 | C46: PT Mega Sparepart | D46: CO981 | E46: Majun | F46: Consumables | G46: 368 | H46: 500000 | I46: Received | J46: 5 | K46: 2024-04-23
A47: PO-2024-0046 | B47: 2024-04-15 | C47: PT Sumber Makmur | D47: BA645 | E47: Pelumas Industri | F47: Bahan Kimia | G47: 148 | H47: 1200000 | I47: Received | J47: 7 | K47: 2024-04-24
A48: PO-2024-0047 | B48: 2024-10-20 | C48: PT Karya Abadi | D48: BA238 | E48: Cat Epoxy | F48: Bahan Kimia | G48: 497 | H48: 500000 | I48: Cancelled | J48: 7
A49: PO-2024-0048 | B49: 2024-12-01 | C49: PT Baja Perkasa | D49: CO355 | E49: Masker | F49: Consumables | G49: 79 | H49: 250000 | I49: Pending | J49: 10
A50: PO-2024-0049 | B50: 2024-09-07 | C50: PT Baja Perkasa | D50: BA742 | E50: Pelumas Industri | F50: Bahan Kimia | G50: 217 | H50: 500000 | I50: Received | J50: 3 | K50: 2024-09-14
A51: PO-2024-0050 | B51: 2024-09-20 | C51: PT Karya Abadi | D51: CO565 | E51: Majun | F51: Consumables | G51: 491 | H51: 850000 | I51: Received | J51: 3 | K51: 2024-09-22
A52: PO-2024-0051 | B52: 2024-08-22 | C52: PT Indo Chemical | D52: BA507 | E52: Kawat Tembaga | F52: Bahan Baku | G52: 116 | H52: 500000 | I52: Pending | J52: 10
A53: PO-2024-0052 | B53: 2024-05-17 | C53: PT Indo Chemical | D53: BA660 | E53: Plastik Wrap | F53: Bahan Kemasan | G53: 300 | H53: 45000 | I53: Approved | J53: 10
A54: PO-2024-0053 | B54: 2024-06-24 | C54: PT Sumber Makmur | D54: BA741 | E54: Plat Baja 2mm | F54: Bahan Baku | G54: 406 | H54: 850000 | I54: Received | J54: 5 | K54: 2024-07-04
A55: PO-2024-0054 | B55: 2024-08-21 | C55: PT Sumber Makmur | D55: AT805 | E55: Tinta Printer | F55: ATK | G55: 470 | H55: 45000 | I55: Pending | J55: 7
A56: PO-2024-0055 | B56: 2024-03-22 | C56: PT Karya Abadi | D56: BA356 | E56: Kain Katun Roll | F56: Bahan Baku | G56: 47 | H56: 250000 | I56: Approved | J56: 5
A57: PO-2024-0056 | B57: 2024-01-27 | C57: CV Anugrah Teknik | D57: CO843 | E57: Majun | F57: Consumables | G57: 363 | H57: 75000 | I57: Received | J57: 3 | K57: 2024-01-29
A58: PO-2024-0057 | B58: 2024-01-01 | C58: CV Mitra Logistik | D58: AT235 | E58: Kertas A4 | F58: ATK | G58: 308 | H58: 75000 | I58: Received | J58: 10 | K58: 2024-01-09
A59: PO-2024-0058 | B59: 2024-01-05 | C59: PT Indo Chemical | D59: BA810 | E59: Biji Plastik HDPE | F59: Bahan Baku | G59: 72 | H59: 850000 | I59: Received | J59: 10 | K59: 2024-01-14
A60: PO-2024-0059 | B60: 2024-02-22 | C60: CV Sentosa Jaya | D60: BA406 | E60: Plastik Wrap | F60: Bahan Kemasan | G60: 75 | H60: 500000 | I60: Pending | J60: 5
A61: PO-2024-0060 | B61: 2024-11-24 | C61: PT Baja Perkasa | D61: BA676 | E61: Kawat Tembaga | F61: Bahan Baku | G61: 9 | H61: 45000 | I61: Received | J61: 5 | K61: 2024-11-29
A62: PO-2024-0061 | B62: 2024-07-29 | C62: PT Mega Sparepart | D62: CO980 | E62: Isolasi Kabel | F62: Consumables | G62: 116 | H62: 25000 | I62: Pending | J62: 5
A63: PO-2024-0062 | B63: 2024-03-04 | C63: PT Mega Sparepart | D63: CO459 | E63: Isolasi Kabel | F63: Consumables | G63: 498 | H63: 500000 | I63: Received | J63: 5 | K63: 2024-03-10
A64: PO-2024-0063 | B64: 2024-05-21 | C64: CV Sentosa Jaya | D64: SP715 | E64: Sensor Proximity | F64: Sparepart Mesin | G64: 312 | H64: 120000 | I64: Pending | J64: 3
A65: PO-2024-0064 | B65: 2024-12-03 | C65: PT Karya Abadi | D65: SP721 | E65: Sensor Proximity | F65: Sparepart Mesin | G65: 265 | H65: 75000 | I65: Approved | J65: 7
A66: PO-2024-0065 | B66: 2024-11-26 | C66: PT Sumber Makmur | D66: SP495 | E66: Gear Reducer | F66: Sparepart Mesin | G66: 62 | H66: 75000 | I66: Received | J66: 14 | K66: 2024-12-09
A67: PO-2024-0066 | B67: 2024-09-27 | C67: PT Sumber Makmur | D67: BA235 | E67: Plastik Wrap | F67: Bahan Kemasan | G67: 203 | H67: 500000 | I67: Received | J67: 5 | K67: 2024-10-07
A68: PO-2024-0067 | B68: 2024-02-07 | C68: PT Sumber Makmur | D68: BA114 | E68: Cat Epoxy | F68: Bahan Kimia | G68: 139 | H68: 75000 | I68: Received | J68: 3 | K68: 2024-02-14
A69: PO-2024-0068 | B69: 2024-09-16 | C69: PT Karya Abadi | D69: CO885 | E69: Baterai AA | F69: Consumables | G69: 217 | H69: 500000 | I69: Approved | J69: 3
A70: PO-2024-0069 | B70: 2024-11-23 | C70: CV Sinar Terang | D70: BA256 | E70: Solvent | F70: Bahan Kimia | G70: 147 | H70: 25000 | I70: Received | J70: 14 | K70: 2024-12-08
A71: PO-2024-0070 | B71: 2024-03-20 | C71: CV Sinar Terang | D71: BA700 | E71: Lakban Bening | F71: Bahan Kemasan | G71: 329 | H71: 25000 | I71: Received | J71: 10 | K71: 2024-03-31
A72: PO-2024-0071 | B72: 2024-01-30 | C72: CV Mitra Logistik | D72: BA218 | E72: Biji Plastik HDPE | F72: Bahan Baku | G72: 237 | H72: 15000 | I72: Received | J72: 5 | K72: 2024-02-03
A73: PO-2024-0072 | B73: 2024-01-07 | C73: PT Baja Perkasa | D73: CO267 | E73: Sarung Tangan | F73: Consumables | G73: 259 | H73: 250000 | I73: Received | J73: 7 | K73: 2024-01-14
A74: PO-2024-0073 | B74: 2024-07-09 | C74: PT Baja Perkasa | D74: CO850 | E74: Majun | F74: Consumables | G74: 458 | H74: 25000 | I74: Pending | J74: 3
A75: PO-2024-0074 | B75: 2024-06-20 | C75: CV Anugrah Teknik | D75: BA165 | E75: Label Sticker | F75: Bahan Kemasan | G75: 139 | H75: 25000 | I75: Received | J75: 14 | K75: 2024-07-07
A76: PO-2024-0075 | B76: 2024-01-29 | C76: PT Global Packaging | D76: BA476 | E76: Thinner | F76: Bahan Kimia | G76: 85 | H76: 120000 | I76: Pending | J76: 14
A77: PO-2024-0076 | B77: 2024-12-11 | C77: CV Sentosa Jaya | D77: SP102 | E77: Sensor Proximity | F77: Sparepart Mesin | G77: 27 | H77: 15000 | I77: Received | J77: 10 | K77: 2024-12-24
A78: PO-2024-0077 | B78: 2024-07-15 | C78: PT Baja Perkasa | D78: SP666 | E78: Bearing 6205 | F78: Sparepart Mesin | G78: 416 | H78: 500000 | I78: Received | J78: 5 | K78: 2024-07-24
A79: PO-2024-0078 | B79: 2024-06-12 | C79: PT Karya Abadi | D79: BA481 | E79: Kawat Tembaga | F79: Bahan Baku | G79: 66 | H79: 1200000 | I79: Approved | J79: 3
A80: PO-2024-0079 | B80: 2024-04-01 | C80: CV Mitra Logistik | D80: BA510 | E80: Cat Epoxy | F80: Bahan Kimia | G80: 40 | H80: 850000 | I80: Pending | J80: 7
A81: PO-2024-0080 | B81: 2024-06-16 | C81: CV Sentosa Jaya | D81: BA108 | E81: Degreaser | F81: Bahan Kimia | G81: 193 | H81: 75000 | I81: Received | J81: 7 | K81: 2024-06-24
A82: PO-2024-0081 | B82: 2024-08-25 | C82: PT Indo Chemical | D82: BA891 | E82: Degreaser | F82: Bahan Kimia | G82: 402 | H82: 75000 | I82: Approved | J82: 14
A83: PO-2024-0082 | B83: 2024-05-05 | C83: PT Baja Perkasa | D83: BA124 | E83: Biji Plastik HDPE | F83: Bahan Baku | G83: 124 | H83: 1200000 | I83: Received | J83: 3 | K83: 2024-05-11
A84: PO-2024-0083 | B84: 2024-01-01 | C84: CV Anugrah Teknik | D84: CO206 | E84: Majun | F84: Consumables | G84: 110 | H84: 1200000 | I84: Cancelled | J84: 10
A85: PO-2024-0084 | B85: 2024-09-08 | C85: PT Sumber Makmur | D85: SP195 | E85: Motor AC 1HP | F85: Sparepart Mesin | G85: 27 | H85: 75000 | I85: Pending | J85: 14
A86: PO-2024-0085 | B86: 2024-07-30 | C86: PT Indo Chemical | D86: AT694 | E86: Kertas A4 | F86: ATK | G86: 53 | H86: 1200000 | I86: Received | J86: 10 | K86: 2024-08-08
A87: PO-2024-0086 | B87: 2024-10-30 | C87: PT Mega Sparepart | D87: BA778 | E87: Biji Plastik HDPE | F87: Bahan Baku | G87: 498 | H87: 45000 | I87: Received | J87: 7 | K87: 2024-11-09
A88: PO-2024-0087 | B88: 2024-07-20 | C88: PT Indo Chemical | D88: BA378 | E88: Lakban Bening | F88: Bahan Kemasan | G88: 124 | H88: 25000 | I88: Cancelled | J88: 5
A89: PO-2024-0088 | B89: 2024-10-26 | C89: CV Sentosa Jaya | D89: SP268 | E89: Bearing 6205 | F89: Sparepart Mesin | G89: 235 | H89: 850000 | I89: Received | J89: 3 | K89: 2024-11-04
A90: PO-2024-0089 | B90: 2024-07-02 | C90: CV Mitra Logistik | D90: AT574 | E90: Map Folder | F90: ATK | G90: 140 | H90: 25000 | I90: Received | J90: 7 | K90: 2024-07-07
A91: PO-2024-0090 | B91: 2024-04-20 | C91: PT Indo Chemical | D91: SP828 | E91: Bearing 6205 | F91: Sparepart Mesin | G91: 132 | H91: 250000 | I91: Received | J91: 3 | K91: 2024-04-25
A92: PO-2024-0091 | B92: 2024-05-13 | C92: PT Baja Perkasa | D92: BA975 | E92: Biji Plastik HDPE | F92: Bahan Baku | G92: 236 | H92: 1200000 | I92: Approved | J92: 5
A93: PO-2024-0092 | B93: 2024-02-18 | C93: PT Global Packaging | D93: BA224 | E93: Resin Polimer | F93: Bahan Baku | G93: 11 | H93: 15000 | I93: Pending | J93: 5
A94: PO-2024-0093 | B94: 2024-03-07 | C94: CV Mitra Logistik | D94: AT802 | E94: Map Folder | F94: ATK | G94: 327 | H94: 25000 | I94: Approved | J94: 7
A95: PO-2024-0094 | B95: 2024-02-08 | C95: PT Sumber Makmur | D95: BA761 | E95: Resin Polimer | F95: Bahan Baku | G95: 232 | H95: 45000 | I95: Received | J95: 7 | K95: 2024-02-14
A96: PO-2024-0095 | B96: 2024-01-22 | C96: PT Global Packaging | D96: BA687 | E96: Resin Polimer | F96: Bahan Baku | G96: 226 | H96: 500000 | I96: Received | J96: 10 | K96: 2024-02-05
A97: PO-2024-0096 | B97: 2024-03-29 | C97: PT Indo Chemical | D97: SP381 | E97: Belt Conveyor | F97: Sparepart Mesin | G97: 148 | H97: 850000 | I97: Pending | J97: 3
A98: PO-2024-0097 | B98: 2024-11-10 | C98: PT Mega Sparepart | D98: BA762 | E98: Thinner | F98: Bahan Kimia | G98: 156 | H98: 850000 | I98: Received | J98: 14 | K98: 2024-11-29
A99: PO-2024-0098 | B99: 2024-02-01 | C99: CV Sentosa Jaya | D99: BA240 | E99: Lakban Bening | F99: Bahan Kemasan | G99: 219 | H99: 75000 | I99: Approved | J99: 14
A100: PO-2024-0099 | B100: 2024-05-07 | C100: CV Sinar Terang | D100: BA900 | E100: Biji Plastik HDPE | F100: Bahan Baku | G100: 370 | H100: 250000 | I100: Received | J100: 10 | K100: 2024-05-20
...

Sheet Latihan_Isi_Sendiri
A1: No PO | B1: Tanggal PO | C1: Supplier | D1: Kode Barang | E1: Nama Barang | F1: Kategori | G1: Qty | H1: Harga Satuan | I1: Status PO | J1: Lead Time Janji (hari) | K1: Tanggal Terima Aktual | L1: Total Harga (Qty x Harga) | M1: Keterlambatan (hari) | N1: Status Ketepatan Kirim
A2: PO-2024-0001 | B2: 2024-04-01 | C2: PT Indo Chemical | D2: BA701 | E2: Resin Polimer | F2: Bahan Baku | G2: 78 | H2: 500000 | I2: Cancelled | J2: 7 | L2: =G2*H2 -> 39000000 | M2: =IF(I2="Received",(K2-B2)-J2,"-") -> - | N2: =IF(I2="Received",IF(L2<=0,"Tepat Waktu","Terlambat"),"-") -> -
A3: PO-2024-0002 | B3: 2024-03-24 | C3: PT Mega Sparepart | D3: SP954 | E3: Sensor Proximity | F3: Sparepart Mesin | G3: 439 | H3: 500000 | I3: Approved | J3: 14
A4: PO-2024-0003 | B4: 2024-06-18 | C4: CV Anugrah Teknik | D4: CO909 | E4: Masker | F4: Consumables | G4: 357 | H4: 25000 | I4: Received | J4: 7 | K4: 2024-06-23
A5: PO-2024-0004 | B5: 2024-02-20 | C5: CV Anugrah Teknik | D5: SP448 | E5: Bearing 6205 | F5: Sparepart Mesin | G5: 314 | H5: 500000 | I5: Cancelled | J5: 7
A6: PO-2024-0005 | B6: 2024-01-16 | C6: PT Karya Abadi | D6: AT333 | E6: Ballpoint | F6: ATK | G6: 187 | H6: 1200000 | I6: Cancelled | J6: 10
A7: PO-2024-0006 | B7: 2024-04-05 | C7: PT Mega Sparepart | D7: CO187 | E7: Isolasi Kabel | F7: Consumables | G7: 400 | H7: 120000 | I7: Pending | J7: 3
A8: PO-2024-0007 | B8: 2024-02-12 | C8: PT Karya Abadi | D8: SP828 | E8: Gear Reducer | F8: Sparepart Mesin | G8: 406 | H8: 45000 | I8: Approved | J8: 7
A9: PO-2024-0008 | B9: 2024-07-03 | C9: CV Sentosa Jaya | D9: BA415 | E9: Plat Baja 2mm | F9: Bahan Baku | G9: 232 | H9: 250000 | I9: Pending | J9: 3
A10: PO-2024-0009 | B10: 2024-03-08 | C10: CV Sentosa Jaya | D10: SP559 | E10: Gear Reducer | F10: Sparepart Mesin | G10: 290 | H10: 1200000 | I10: Received | J10: 3 | K10: 2024-03-09
A11: PO-2024-0010 | B11: 2024-02-15 | C11: PT Indo Chemical | D11: BA711 | E11: Cat Epoxy | F11: Bahan Kimia | G11: 311 | H11: 250000 | I11: Pending | J11: 3
A12: PO-2024-0011 | B12: 2024-05-29 | C12: CV Anugrah Teknik | D12: AT842 | E12: Kertas A4 | F12: ATK | G12: 466 | H12: 1200000 | I12: Cancelled | J12: 5
A13: PO-2024-0012 | B13: 2024-10-19 | C13: CV Sinar Terang | D13: SP273 | E13: Gear Reducer | F13: Sparepart Mesin | G13: 76 | H13: 120000 | I13: Received | J13: 10 | K13: 2024-10-29
A14: PO-2024-0013 | B14: 2024-02-02 | C14: PT Baja Perkasa | D14: AT531 | E14: Map Folder | F14: ATK | G14: 158 | H14: 850000 | I14: Pending | J14: 7
A15: PO-2024-0014 | B15: 2024-05-08 | C15: CV Mitra Logistik | D15: CO708 | E15: Isolasi Kabel | F15: Consumables | G15: 320 | H15: 75000 | I15: Received | J15: 5 | K15: 2024-05-15
A16: PO-2024-0015 | B16: 2024-01-04 | C16: CV Anugrah Teknik | D16: BA489 | E16: Label Sticker | F16: Bahan Kemasan | G16: 416 | H16: 250000 | I16: Received | J16: 10 | K16: 2024-01-14
A17: PO-2024-0016 | B17: 2024-06-02 | C17: PT Indo Chemical | D17: BA590 | E17: Thinner | F17: Bahan Kimia | G17: 165 | H17: 45000 | I17: Cancelled | J17: 7
A18: PO-2024-0017 | B18: 2024-05-29 | C18: PT Global Packaging | D18: BA433 | E18: Thinner | F18: Bahan Kimia | G18: 197 | H18: 120000 | I18: Pending | J18: 10
A19: PO-2024-0018 | B19: 2024-07-05 | C19: CV Sentosa Jaya | D19: BA706 | E19: Thinner | F19: Bahan Kimia | G19: 284 | H19: 45000 | I19: Approved | J19: 14
A20: PO-2024-0019 | B20: 2024-01-14 | C20: PT Global Packaging | D20: CO548 | E20: Masker | F20: Consumables | G20: 413 | H20: 120000 | I20: Pending | J20: 3
A21: PO-2024-0020 | B21: 2024-07-28 | C21: PT Global Packaging | D21: SP347 | E21: Motor AC 1HP | F21: Sparepart Mesin | G21: 134 | H21: 45000 | I21: Approved | J21: 10
A22: PO-2024-0021 | B22: 2024-02-07 | C22: PT Global Packaging | D22: BA696 | E22: Degreaser | F22: Bahan Kimia | G22: 210 | H22: 1200000 | I22: Received | J22: 10 | K22: 2024-02-23
A23: PO-2024-0022 | B23: 2024-01-19 | C23: PT Indo Chemical | D23: CO708 | E23: Baterai AA | F23: Consumables | G23: 331 | H23: 25000 | I23: Received | J23: 5 | K23: 2024-01-27
A24: PO-2024-0023 | B24: 2024-03-26 | C24: PT Mega Sparepart | D24: BA760 | E24: Kawat Tembaga | F24: Bahan Baku | G24: 351 | H24: 500000 | I24: Cancelled | J24: 7
A25: PO-2024-0024 | B25: 2024-08-08 | C25: CV Sentosa Jaya | D25: BA364 | E25: Plat Baja 2mm | F25: Bahan Baku | G25: 118 | H25: 1200000 | I25: Approved | J25: 14
A26: PO-2024-0025 | B26: 2024-10-24 | C26: PT Mega Sparepart | D26: SP483 | E26: Gear Reducer | F26: Sparepart Mesin | G26: 205 | H26: 850000 | I26: Pending | J26: 14
A27: PO-2024-0026 | B27: 2024-12-19 | C27: CV Sinar Terang | D27: SP125 | E27: Motor AC 1HP | F27: Sparepart Mesin | G27: 252 | H27: 25000 | I27: Received | J27: 3 | K27: 2024-12-21
A28: PO-2024-0027 | B28: 2024-03-13 | C28: PT Indo Chemical | D28: BA566 | E28: Plastik Wrap | F28: Bahan Kemasan | G28: 406 | H28: 75000 | I28: Received | J28: 7 | K28: 2024-03-25
A29: PO-2024-0028 | B29: 2024-02-19 | C29: PT Global Packaging | D29: CO426 | E29: Isolasi Kabel | F29: Consumables | G29: 39 | H29: 120000 | I29: Received | J29: 3 | K29: 2024-02-20
A30: PO-2024-0029 | B30: 2024-06-24 | C30: CV Sentosa Jaya | D30: CO858 | E30: Masker | F30: Consumables | G30: 129 | H30: 1200000 | I30: Received | J30: 5 | K30: 2024-07-02
A31: PO-2024-0030 | B31: 2024-10-13 | C31: CV Anugrah Teknik | D31: AT916 | E31: Tinta Printer | F31: ATK | G31: 212 | H31: 45000 | I31: Received | J31: 10 | K31: 2024-10-27
A32: PO-2024-0031 | B32: 2024-01-15 | C32: PT Mega Sparepart | D32: SP706 | E32: Gear Reducer | F32: Sparepart Mesin | G32: 224 | H32: 500000 | I32: Received | J32: 5 | K32: 2024-01-21
A33: PO-2024-0032 | B33: 2024-05-22 | C33: CV Sentosa Jaya | D33: BA918 | E33: Cat Epoxy | F33: Bahan Kimia | G33: 451 | H33: 1200000 | I33: Received | J33: 7 | K33: 2024-05-30
A34: PO-2024-0033 | B34: 2024-08-22 | C34: CV Sentosa Jaya | D34: BA640 | E34: Lakban Bening | F34: Bahan Kemasan | G34: 499 | H34: 250000 | I34: Approved | J34: 14
A35: PO-2024-0034 | B35: 2024-07-19 | C35: PT Mega Sparepart | D35: BA460 | E35: Kain Katun Roll | F35: Bahan Baku | G35: 437 | H35: 850000 | I35: Approved | J35: 7
A36: PO-2024-0035 | B36: 2024-11-10 | C36: PT Mega Sparepart | D36: BA420 | E36: Resin Polimer | F36: Bahan Baku | G36: 65 | H36: 75000 | I36: Received | J36: 5 | K36: 2024-11-18
A37: PO-2024-0036 | B37: 2024-12-21 | C37: PT Baja Perkasa | D37: BA528 | E37: Degreaser | F37: Bahan Kimia | G37: 310 | H37: 45000 | I37: Approved | J37: 10
A38: PO-2024-0037 | B38: 2024-04-05 | C38: PT Global Packaging | D38: CO810 | E38: Baterai AA | F38: Consumables | G38: 475 | H38: 45000 | I38: Approved | J38: 10
A39: PO-2024-0038 | B39: 2024-05-27 | C39: PT Baja Perkasa | D39: SP962 | E39: Motor AC 1HP | F39: Sparepart Mesin | G39: 235 | H39: 15000 | I39: Pending | J39: 3
A40: PO-2024-0039 | B40: 2024-09-05 | C40: PT Baja Perkasa | D40: SP675 | E40: Gear Reducer | F40: Sparepart Mesin | G40: 263 | H40: 850000 | I40: Received | J40: 10 | K40: 2024-09-19
A41: PO-2024-0040 | B41: 2024-12-29 | C41: PT Global Packaging | D41: AT184 | E41: Tinta Printer | F41: ATK | G41: 294 | H41: 15000 | I41: Pending | J41: 5
A42: PO-2024-0041 | B42: 2024-05-29 | C42: PT Sumber Makmur | D42: BA650 | E42: Kardus Box L | F42: Bahan Kemasan | G42: 152 | H42: 45000 | I42: Pending | J42: 14
A43: PO-2024-0042 | B43: 2024-09-10 | C43: CV Sinar Terang | D43: BA686 | E43: Cat Epoxy | F43: Bahan Kimia | G43: 63 | H43: 120000 | I43: Pending | J43: 7
A44: PO-2024-0043 | B44: 2024-10-04 | C44: PT Sumber Makmur | D44: CO659 | E44: Isolasi Kabel | F44: Consumables | G44: 116 | H44: 500000 | I44: Received | J44: 5 | K44: 2024-10-11
A45: PO-2024-0044 | B45: 2024-01-17 | C45: PT Global Packaging | D45: BA982 | E45: Plastik Wrap | F45: Bahan Kemasan | G45: 423 | H45: 25000 | I45: Received | J45: 3 | K45: 2024-01-21
A46: PO-2024-0045 | B46: 2024-04-17 | C46: PT Mega Sparepart | D46: CO981 | E46: Majun | F46: Consumables | G46: 368 | H46: 500000 | I46: Received | J46: 5 | K46: 2024-04-23
A47: PO-2024-0046 | B47: 2024-04-15 | C47: PT Sumber Makmur | D47: BA645 | E47: Pelumas Industri | F47: Bahan Kimia | G47: 148 | H47: 1200000 | I47: Received | J47: 7 | K47: 2024-04-24
A48: PO-2024-0047 | B48: 2024-10-20 | C48: PT Karya Abadi | D48: BA238 | E48: Cat Epoxy | F48: Bahan Kimia | G48: 497 | H48: 500000 | I48: Cancelled | J48: 7
A49: PO-2024-0048 | B49: 2024-12-01 | C49: PT Baja Perkasa | D49: CO355 | E49: Masker | F49: Consumables | G49: 79 | H49: 250000 | I49: Pending | J49: 10
A50: PO-2024-0049 | B50: 2024-09-07 | C50: PT Baja Perkasa | D50: BA742 | E50: Pelumas Industri | F50: Bahan Kimia | G50: 217 | H50: 500000 | I50: Received | J50: 3 | K50: 2024-09-14
A51: PO-2024-0050 | B51: 2024-09-20 | C51: PT Karya Abadi | D51: CO565 | E51: Majun | F51: Consumables | G51: 491 | H51: 850000 | I51: Received | J51: 3 | K51: 2024-09-22
A52: PO-2024-0051 | B52: 2024-08-22 | C52: PT Indo Chemical | D52: BA507 | E52: Kawat Tembaga | F52: Bahan Baku | G52: 116 | H52: 500000 | I52: Pending | J52: 10
A53: PO-2024-0052 | B53: 2024-05-17 | C53: PT Indo Chemical | D53: BA660 | E53: Plastik Wrap | F53: Bahan Kemasan | G53: 300 | H53: 45000 | I53: Approved | J53: 10
A54: PO-2024-0053 | B54: 2024-06-24 | C54: PT Sumber Makmur | D54: BA741 | E54: Plat Baja 2mm | F54: Bahan Baku | G54: 406 | H54: 850000 | I54: Received | J54: 5 | K54: 2024-07-04
A55: PO-2024-0054 | B55: 2024-08-21 | C55: PT Sumber Makmur | D55: AT805 | E55: Tinta Printer | F55: ATK | G55: 470 | H55: 45000 | I55: Pending | J55: 7
A56: PO-2024-0055 | B56: 2024-03-22 | C56: PT Karya Abadi | D56: BA356 | E56: Kain Katun Roll | F56: Bahan Baku | G56: 47 | H56: 250000 | I56: Approved | J56: 5
A57: PO-2024-0056 | B57: 2024-01-27 | C57: CV Anugrah Teknik | D57: CO843 | E57: Majun | F57: Consumables | G57: 363 | H57: 75000 | I57: Received | J57: 3 | K57: 2024-01-29
A58: PO-2024-0057 | B58: 2024-01-01 | C58: CV Mitra Logistik | D58: AT235 | E58: Kertas A4 | F58: ATK | G58: 308 | H58: 75000 | I58: Received | J58: 10 | K58: 2024-01-09
A59: PO-2024-0058 | B59: 2024-01-05 | C59: PT Indo Chemical | D59: BA810 | E59: Biji Plastik HDPE | F59: Bahan Baku | G59: 72 | H59: 850000 | I59: Received | J59: 10 | K59: 2024-01-14
A60: PO-2024-0059 | B60: 2024-02-22 | C60: CV Sentosa Jaya | D60: BA406 | E60: Plastik Wrap | F60: Bahan Kemasan | G60: 75 | H60: 500000 | I60: Pending | J60: 5
A61: PO-2024-0060 | B61: 2024-11-24 | C61: PT Baja Perkasa | D61: BA676 | E61: Kawat Tembaga | F61: Bahan Baku | G61: 9 | H61: 45000 | I61: Received | J61: 5 | K61: 2024-11-29
A62: PO-2024-0061 | B62: 2024-07-29 | C62: PT Mega Sparepart | D62: CO980 | E62: Isolasi Kabel | F62: Consumables | G62: 116 | H62: 25000 | I62: Pending | J62: 5
A63: PO-2024-0062 | B63: 2024-03-04 | C63: PT Mega Sparepart | D63: CO459 | E63: Isolasi Kabel | F63: Consumables | G63: 498 | H63: 500000 | I63: Received | J63: 5 | K63: 2024-03-10
A64: PO-2024-0063 | B64: 2024-05-21 | C64: CV Sentosa Jaya | D64: SP715 | E64: Sensor Proximity | F64: Sparepart Mesin | G64: 312 | H64: 120000 | I64: Pending | J64: 3
A65: PO-2024-0064 | B65: 2024-12-03 | C65: PT Karya Abadi | D65: SP721 | E65: Sensor Proximity | F65: Sparepart Mesin | G65: 265 | H65: 75000 | I65: Approved | J65: 7
A66: PO-2024-0065 | B66: 2024-11-26 | C66: PT Sumber Makmur | D66: SP495 | E66: Gear Reducer | F66: Sparepart Mesin | G66: 62 | H66: 75000 | I66: Received | J66: 14 | K66: 2024-12-09
A67: PO-2024-0066 | B67: 2024-09-27 | C67: PT Sumber Makmur | D67: BA235 | E67: Plastik Wrap | F67: Bahan Kemasan | G67: 203 | H67: 500000 | I67: Received | J67: 5 | K67: 2024-10-07
A68: PO-2024-0067 | B68: 2024-02-07 | C68: PT Sumber Makmur | D68: BA114 | E68: Cat Epoxy | F68: Bahan Kimia | G68: 139 | H68: 75000 | I68: Received | J68: 3 | K68: 2024-02-14
A69: PO-2024-0068 | B69: 2024-09-16 | C69: PT Karya Abadi | D69: CO885 | E69: Baterai AA | F69: Consumables | G69: 217 | H69: 500000 | I69: Approved | J69: 3
A70: PO-2024-0069 | B70: 2024-11-23 | C70: CV Sinar Terang | D70: BA256 | E70: Solvent | F70: Bahan Kimia | G70: 147 | H70: 25000 | I70: Received | J70: 14 | K70: 2024-12-08
A71: PO-2024-0070 | B71: 2024-03-20 | C71: CV Sinar Terang | D71: BA700 | E71: Lakban Bening | F71: Bahan Kemasan | G71: 329 | H71: 25000 | I71: Received | J71: 10 | K71: 2024-03-31
A72: PO-2024-0071 | B72: 2024-01-30 | C72: CV Mitra Logistik | D72: BA218 | E72: Biji Plastik HDPE | F72: Bahan Baku | G72: 237 | H72: 15000 | I72: Received | J72: 5 | K72: 2024-02-03
A73: PO-2024-0072 | B73: 2024-01-07 | C73: PT Baja Perkasa | D73: CO267 | E73: Sarung Tangan | F73: Consumables | G73: 259 | H73: 250000 | I73: Received | J73: 7 | K73: 2024-01-14
A74: PO-2024-0073 | B74: 2024-07-09 | C74: PT Baja Perkasa | D74: CO850 | E74: Majun | F74: Consumables | G74: 458 | H74: 25000 | I74: Pending | J74: 3
A75: PO-2024-0074 | B75: 2024-06-20 | C75: CV Anugrah Teknik | D75: BA165 | E75: Label Sticker | F75: Bahan Kemasan | G75: 139 | H75: 25000 | I75: Received | J75: 14 | K75: 2024-07-07
A76: PO-2024-0075 | B76: 2024-01-29 | C76: PT Global Packaging | D76: BA476 | E76: Thinner | F76: Bahan Kimia | G76: 85 | H76: 120000 | I76: Pending | J76: 14
A77: PO-2024-0076 | B77: 2024-12-11 | C77: CV Sentosa Jaya | D77: SP102 | E77: Sensor Proximity | F77: Sparepart Mesin | G77: 27 | H77: 15000 | I77: Received | J77: 10 | K77: 2024-12-24
A78: PO-2024-0077 | B78: 2024-07-15 | C78: PT Baja Perkasa | D78: SP666 | E78: Bearing 6205 | F78: Sparepart Mesin | G78: 416 | H78: 500000 | I78: Received | J78: 5 | K78: 2024-07-24
A79: PO-2024-0078 | B79: 2024-06-12 | C79: PT Karya Abadi | D79: BA481 | E79: Kawat Tembaga | F79: Bahan Baku | G79: 66 | H79: 1200000 | I79: Approved | J79: 3
A80: PO-2024-0079 | B80: 2024-04-01 | C80: CV Mitra Logistik | D80: BA510 | E80: Cat Epoxy | F80: Bahan Kimia | G80: 40 | H80: 850000 | I80: Pending | J80: 7
A81: PO-2024-0080 | B81: 2024-06-16 | C81: CV Sentosa Jaya | D81: BA108 | E81: Degreaser | F81: Bahan Kimia | G81: 193 | H81: 75000 | I81: Received | J81: 7 | K81: 2024-06-24
A82: PO-2024-0081 | B82: 2024-08-25 | C82: PT Indo Chemical | D82: BA891 | E82: Degreaser | F82: Bahan Kimia | G82: 402 | H82: 75000 | I82: Approved | J82: 14
A83: PO-2024-0082 | B83: 2024-05-05 | C83: PT Baja Perkasa | D83: BA124 | E83: Biji Plastik HDPE | F83: Bahan Baku | G83: 124 | H83: 1200000 | I83: Received | J83: 3 | K83: 2024-05-11
A84: PO-2024-0083 | B84: 2024-01-01 | C84: CV Anugrah Teknik | D84: CO206 | E84: Majun | F84: Consumables | G84: 110 | H84: 1200000 | I84: Cancelled | J84: 10
A85: PO-2024-0084 | B85: 2024-09-08 | C85: PT Sumber Makmur | D85: SP195 | E85: Motor AC 1HP | F85: Sparepart Mesin | G85: 27 | H85: 75000 | I85: Pending | J85: 14
A86: PO-2024-0085 | B86: 2024-07-30 | C86: PT Indo Chemical | D86: AT694 | E86: Kertas A4 | F86: ATK | G86: 53 | H86: 1200000 | I86: Received | J86: 10 | K86: 2024-08-08
A87: PO-2024-0086 | B87: 2024-10-30 | C87: PT Mega Sparepart | D87: BA778 | E87: Biji Plastik HDPE | F87: Bahan Baku | G87: 498 | H87: 45000 | I87: Received | J87: 7 | K87: 2024-11-09
A88: PO-2024-0087 | B88: 2024-07-20 | C88: PT Indo Chemical | D88: BA378 | E88: Lakban Bening | F88: Bahan Kemasan | G88: 124 | H88: 25000 | I88: Cancelled | J88: 5
A89: PO-2024-0088 | B89: 2024-10-26 | C89: CV Sentosa Jaya | D89: SP268 | E89: Bearing 6205 | F89: Sparepart Mesin | G89: 235 | H89: 850000 | I89: Received | J89: 3 | K89: 2024-11-04
A90: PO-2024-0089 | B90: 2024-07-02 | C90: CV Mitra Logistik | D90: AT574 | E90: Map Folder | F90: ATK | G90: 140 | H90: 25000 | I90: Received | J90: 7 | K90: 2024-07-07
A91: PO-2024-0090 | B91: 2024-04-20 | C91: PT Indo Chemical | D91: SP828 | E91: Bearing 6205 | F91: Sparepart Mesin | G91: 132 | H91: 250000 | I91: Received | J91: 3 | K91: 2024-04-25
A92: PO-2024-0091 | B92: 2024-05-13 | C92: PT Baja Perkasa | D92: BA975 | E92: Biji Plastik HDPE | F92: Bahan Baku | G92: 236 | H92: 1200000 | I92: Approved | J92: 5
A93: PO-2024-0092 | B93: 2024-02-18 | C93: PT Global Packaging | D93: BA224 | E93: Resin Polimer | F93: Bahan Baku | G93: 11 | H93: 15000 | I93: Pending | J93: 5
A94: PO-2024-0093 | B94: 2024-03-07 | C94: CV Mitra Logistik | D94: AT802 | E94: Map Folder | F94: ATK | G94: 327 | H94: 25000 | I94: Approved | J94: 7
A95: PO-2024-0094 | B95: 2024-02-08 | C95: PT Sumber Makmur | D95: BA761 | E95: Resin Polimer | F95: Bahan Baku | G95: 232 | H95: 45000 | I95: Received | J95: 7 | K95: 2024-02-14
A96: PO-2024-0095 | B96: 2024-01-22 | C96: PT Global Packaging | D96: BA687 | E96: Resin Polimer | F96: Bahan Baku | G96: 226 | H96: 500000 | I96: Received | J96: 10 | K96: 2024-02-05
A97: PO-2024-0096 | B97: 2024-03-29 | C97: PT Indo Chemical | D97: SP381 | E97: Belt Conveyor | F97: Sparepart Mesin | G97: 148 | H97: 850000 | I97: Pending | J97: 3
A98: PO-2024-0097 | B98: 2024-11-10 | C98: PT Mega Sparepart | D98: BA762 | E98: Thinner | F98: Bahan Kimia | G98: 156 | H98: 850000 | I98: Received | J98: 14 | K98: 2024-11-29
A99: PO-2024-0098 | B99: 2024-02-01 | C99: CV Sentosa Jaya | D99: BA240 | E99: Lakban Bening | F99: Bahan Kemasan | G99: 219 | H99: 75000 | I99: Approved | J99: 14
A100: PO-2024-0099 | B100: 2024-05-07 | C100: CV Sinar Terang | D100: BA900 | E100: Biji Plastik HDPE | F100: Bahan Baku | G100: 370 | H100: 250000 | I100: Received | J100: 10 | K100: 2024-05-20
...

Sheet Kunci_Jawaban
A1: No PO | B1: Tanggal PO | C1: Supplier | D1: Kode Barang | E1: Nama Barang | F1: Kategori | G1: Qty | H1: Harga Satuan | I1: Status PO | J1: Lead Time Janji (hari) | K1: Tanggal Terima Aktual | L1: Total Harga (Qty x Harga) | M1: Keterlambatan (hari) | N1: Status Ketepatan Kirim
A2: PO-2024-0001 | B2: 2024-04-01 | C2: PT Indo Chemical | D2: BA701 | E2: Resin Polimer | F2: Bahan Baku | G2: 78 | H2: 500000 | I2: Cancelled | J2: 7 | L2: =G2*H2 -> 39000000 | M2: =IF(I2="Received",(K2-B2)-J2,"-") -> - | N2: =IF(I2="Received",IF(M2<=0,"Tepat Waktu","Terlambat"),"-") -> -
A3: PO-2024-0002 | B3: 2024-03-24 | C3: PT Mega Sparepart | D3: SP954 | E3: Sensor Proximity | F3: Sparepart Mesin | G3: 439 | H3: 500000 | I3: Approved | J3: 14 | L3: =G3*H3 -> 219500000 | M3: =IF(I3="Received",(K3-B3)-J3,"-") -> - | N3: =IF(I3="Received",IF(M3<=0,"Tepat Waktu","Terlambat"),"-") -> -
A4: PO-2024-0003 | B4: 2024-06-18 | C4: CV Anugrah Teknik | D4: CO909 | E4: Masker | F4: Consumables | G4: 357 | H4: 25000 | I4: Received | J4: 7 | K4: 2024-06-23 | L4: =G4*H4 -> 8925000 | M4: =IF(I4="Received",(K4-B4)-J4,"-") -> -2 | N4: =IF(I4="Received",IF(M4<=0,"Tepat Waktu","Terlambat"),"-") -> Tepat Waktu
A5: PO-2024-0004 | B5: 2024-02-20 | C5: CV Anugrah Teknik | D5: SP448 | E5: Bearing 6205 | F5: Sparepart Mesin | G5: 314 | H5: 500000 | I5: Cancelled | J5: 7 | L5: =G5*H5 -> 157000000 | M5: =IF(I5="Received",(K5-B5)-J5,"-") -> - | N5: =IF(I5="Received",IF(M5<=0,"Tepat Waktu","Terlambat"),"-") -> -
A6: PO-2024-0005 | B6: 2024-01-16 | C6: PT Karya Abadi | D6: AT333 | E6: Ballpoint | F6: ATK | G6: 187 | H6: 1200000 | I6: Cancelled | J6: 10 | L6: =G6*H6 -> 224400000 | M6: =IF(I6="Received",(K6-B6)-J6,"-") -> - | N6: =IF(I6="Received",IF(M6<=0,"Tepat Waktu","Terlambat"),"-") -> -
A7: PO-2024-0006 | B7: 2024-04-05 | C7: PT Mega Sparepart | D7: CO187 | E7: Isolasi Kabel | F7: Consumables | G7: 400 | H7: 120000 | I7: Pending | J7: 3 | L7: =G7*H7 -> 48000000 | M7: =IF(I7="Received",(K7-B7)-J7,"-") -> - | N7: =IF(I7="Received",IF(M7<=0,"Tepat Waktu","Terlambat"),"-") -> -
A8: PO-2024-0007 | B8: 2024-02-12 | C8: PT Karya Abadi | D8: SP828 | E8: Gear Reducer | F8: Sparepart Mesin | G8: 406 | H8: 45000 | I8: Approved | J8: 7 | L8: =G8*H8 -> 18270000 | M8: =IF(I8="Received",(K8-B8)-J8,"-") -> - | N8: =IF(I8="Received",IF(M8<=0,"Tepat Waktu","Terlambat"),"-") -> -
A9: PO-2024-0008 | B9: 2024-07-03 | C9: CV Sentosa Jaya | D9: BA415 | E9: Plat Baja 2mm | F9: Bahan Baku | G9: 232 | H9: 250000 | I9: Pending | J9: 3 | L9: =G9*H9 -> 58000000 | M9: =IF(I9="Received",(K9-B9)-J9,"-") -> - | N9: =IF(I9="Received",IF(M9<=0,"Tepat Waktu","Terlambat"),"-") -> -
A10: PO-2024-0009 | B10: 2024-03-08 | C10: CV Sentosa Jaya | D10: SP559 | E10: Gear Reducer | F10: Sparepart Mesin | G10: 290 | H10: 1200000 | I10: Received | J10: 3 | K10: 2024-03-09 | L10: =G10*H10 -> 348000000 | M10: =IF(I10="Received",(K10-B10)-J10,"-") -> -2 | N10: =IF(I10="Received",IF(M10<=0,"Tepat Waktu","Terlambat"),"-") -> Tepat Waktu
A11: PO-2024-0010 | B11: 2024-02-15 | C11: PT Indo Chemical | D11: BA711 | E11: Cat Epoxy | F11: Bahan Kimia | G11: 311 | H11: 250000 | I11: Pending | J11: 3 | L11: =G11*H11 -> 77750000 | M11: =IF(I11="Received",(K11-B11)-J11,"-") -> - | N11: =IF(I11="Received",IF(M11<=0,"Tepat Waktu","Terlambat"),"-") -> -
A12: PO-2024-0011 | B12: 2024-05-29 | C12: CV Anugrah Teknik | D12: AT842 | E12: Kertas A4 | F12: ATK | G12: 466 | H12: 1200000 | I12: Cancelled | J12: 5 | L12: =G12*H12 -> 559200000 | M12: =IF(I12="Received",(K12-B12)-J12,"-") -> - | N12: =IF(I12="Received",IF(M12<=0,"Tepat Waktu","Terlambat"),"-") -> -
A13: PO-2024-0012 | B13: 2024-10-19 | C13: CV Sinar Terang | D13: SP273 | E13: Gear Reducer | F13: Sparepart Mesin | G13: 76 | H13: 120000 | I13: Received | J13: 10 | K13: 2024-10-29 | L13: =G13*H13 -> 9120000 | M13: =IF(I13="Received",(K13-B13)-J13,"-") -> 0 | N13: =IF(I13="Received",IF(M13<=0,"Tepat Waktu","Terlambat"),"-") -> Tepat Waktu
A14: PO-2024-0013 | B14: 2024-02-02 | C14: PT Baja Perkasa | D14: AT531 | E14: Map Folder | F14: ATK | G14: 158 | H14: 850000 | I14: Pending | J14: 7 | L14: =G14*H14 -> 134300000 | M14: =IF(I14="Received",(K14-B14)-J14,"-") -> - | N14: =IF(I14="Received",IF(M14<=0,"Tepat Waktu","Terlambat"),"-") -> -
A15: PO-2024-0014 | B15: 2024-05-08 | C15: CV Mitra Logistik | D15: CO708 | E15: Isolasi Kabel | F15: Consumables | G15: 320 | H15: 75000 | I15: Received | J15: 5 | K15: 2024-05-15 | L15: =G15*H15 -> 24000000 | M15: =IF(I15="Received",(K15-B15)-J15,"-") -> 2 | N15: =IF(I15="Received",IF(M15<=0,"Tepat Waktu","Terlambat"),"-") -> Terlambat
A16: PO-2024-0015 | B16: 2024-01-04 | C16: CV Anugrah Teknik | D16: BA489 | E16: Label Sticker | F16: Bahan Kemasan | G16: 416 | H16: 250000 | I16: Received | J16: 10 | K16: 2024-01-14 | L16: =G16*H16 -> 104000000 | M16: =IF(I16="Received",(K16-B16)-J16,"-") -> 0 | N16: =IF(I16="Received",IF(M16<=0,"Tepat Waktu","Terlambat"),"-") -> Tepat Waktu
A17: PO-2024-0016 | B17: 2024-06-02 | C17: PT Indo Chemical | D17: BA590 | E17: Thinner | F17: Bahan Kimia | G17: 165 | H17: 45000 | I17: Cancelled | J17: 7 | L17: =G17*H17 -> 7425000 | M17: =IF(I17="Received",(K17-B17)-J17,"-") -> - | N17: =IF(I17="Received",IF(M17<=0,"Tepat Waktu","Terlambat"),"-") -> -
A18: PO-2024-0017 | B18: 2024-05-29 | C18: PT Global Packaging | D18: BA433 | E18: Thinner | F18: Bahan Kimia | G18: 197 | H18: 120000 | I18: Pending | J18: 10 | L18: =G18*H18 -> 23640000 | M18: =IF(I18="Received",(K18-B18)-J18,"-") -> - | N18: =IF(I18="Received",IF(M18<=0,"Tepat Waktu","Terlambat"),"-") -> -
A19: PO-2024-0018 | B19: 2024-07-05 | C19: CV Sentosa Jaya | D19: BA706 | E19: Thinner | F19: Bahan Kimia | G19: 284 | H19: 45000 | I19: Approved | J19: 14 | L19: =G19*H19 -> 12780000 | M19: =IF(I19="Received",(K19-B19)-J19,"-") -> - | N19: =IF(I19="Received",IF(M19<=0,"Tepat Waktu","Terlambat"),"-") -> -
A20: PO-2024-0019 | B20: 2024-01-14 | C20: PT Global Packaging | D20: CO548 | E20: Masker | F20: Consumables | G20: 413 | H20: 120000 | I20: Pending | J20: 3 | L20: =G20*H20 -> 49560000 | M20: =IF(I20="Received",(K20-B20)-J20,"-") -> - | N20: =IF(I20="Received",IF(M20<=0,"Tepat Waktu","Terlambat"),"-") -> -
A21: PO-2024-0020 | B21: 2024-07-28 | C21: PT Global Packaging | D21: SP347 | E21: Motor AC 1HP | F21: Sparepart Mesin | G21: 134 | H21: 45000 | I21: Approved | J21: 10 | L21: =G21*H21 -> 6030000 | M21: =IF(I21="Received",(K21-B21)-J21,"-") -> - | N21: =IF(I21="Received",IF(M21<=0,"Tepat Waktu","Terlambat"),"-") -> -
A22: PO-2024-0021 | B22: 2024-02-07 | C22: PT Global Packaging | D22: BA696 | E22: Degreaser | F22: Bahan Kimia | G22: 210 | H22: 1200000 | I22: Received | J22: 10 | K22: 2024-02-23 | L22: =G22*H22 -> 252000000 | M22: =IF(I22="Received",(K22-B22)-J22,"-") -> 6 | N22: =IF(I22="Received",IF(M22<=0,"Tepat Waktu","Terlambat"),"-") -> Terlambat
A23: PO-2024-0022 | B23: 2024-01-19 | C23: PT Indo Chemical | D23: CO708 | E23: Baterai AA | F23: Consumables | G23: 331 | H23: 25000 | I23: Received | J23: 5 | K23: 2024-01-27 | L23: =G23*H23 -> 8275000 | M23: =IF(I23="Received",(K23-B23)-J23,"-") -> 3 | N23: =IF(I23="Received",IF(M23<=0,"Tepat Waktu","Terlambat"),"-") -> Terlambat
A24: PO-2024-0023 | B24: 2024-03-26 | C24: PT Mega Sparepart | D24: BA760 | E24: Kawat Tembaga | F24: Bahan Baku | G24: 351 | H24: 500000 | I24: Cancelled | J24: 7 | L24: =G24*H24 -> 175500000 | M24: =IF(I24="Received",(K24-B24)-J24,"-") -> - | N24: =IF(I24="Received",IF(M24<=0,"Tepat Waktu","Terlambat"),"-") -> -
A25: PO-2024-0024 | B25: 2024-08-08 | C25: CV Sentosa Jaya | D25: BA364 | E25: Plat Baja 2mm | F25: Bahan Baku | G25: 118 | H25: 1200000 | I25: Approved | J25: 14 | L25: =G25*H25 -> 141600000 | M25: =IF(I25="Received",(K25-B25)-J25,"-") -> - | N25: =IF(I25="Received",IF(M25<=0,"Tepat Waktu","Terlambat"),"-") -> -
A26: PO-2024-0025 | B26: 2024-10-24 | C26: PT Mega Sparepart | D26: SP483 | E26: Gear Reducer | F26: Sparepart Mesin | G26: 205 | H26: 850000 | I26: Pending | J26: 14 | L26: =G26*H26 -> 174250000 | M26: =IF(I26="Received",(K26-B26)-J26,"-") -> - | N26: =IF(I26="Received",IF(M26<=0,"Tepat Waktu","Terlambat"),"-") -> -
A27: PO-2024-0026 | B27: 2024-12-19 | C27: CV Sinar Terang | D27: SP125 | E27: Motor AC 1HP | F27: Sparepart Mesin | G27: 252 | H27: 25000 | I27: Received | J27: 3 | K27: 2024-12-21 | L27: =G27*H27 -> 6300000 | M27: =IF(I27="Received",(K27-B27)-J27,"-") -> -1 | N27: =IF(I27="Received",IF(M27<=0,"Tepat Waktu","Terlambat"),"-") -> Tepat Waktu
A28: PO-2024-0027 | B28: 2024-03-13 | C28: PT Indo Chemical | D28: BA566 | E28: Plastik Wrap | F28: Bahan Kemasan | G28: 406 | H28: 75000 | I28: Received | J28: 7 | K28: 2024-03-25 | L28: =G28*H28 -> 30450000 | M28: =IF(I28="Received",(K28-B28)-J28,"-") -> 5 | N28: =IF(I28="Received",IF(M28<=0,"Tepat Waktu","Terlambat"),"-") -> Terlambat
A29: PO-2024-0028 | B29: 2024-02-19 | C29: PT Global Packaging | D29: CO426 | E29: Isolasi Kabel | F29: Consumables | G29: 39 | H29: 120000 | I29: Received | J29: 3 | K29: 2024-02-20 | L29: =G29*H29 -> 4680000 | M29: =IF(I29="Received",(K29-B29)-J29,"-") -> -2 | N29: =IF(I29="Received",IF(M29<=0,"Tepat Waktu","Terlambat"),"-") -> Tepat Waktu
A30: PO-2024-0029 | B30: 2024-06-24 | C30: CV Sentosa Jaya | D30: CO858 | E30: Masker | F30: Consumables | G30: 129 | H30: 1200000 | I30: Received | J30: 5 | K30: 2024-07-02 | L30: =G30*H30 -> 154800000 | M30: =IF(I30="Received",(K30-B30)-J30,"-") -> 3 | N30: =IF(I30="Received",IF(M30<=0,"Tepat Waktu","Terlambat"),"-") -> Terlambat
A31: PO-2024-0030 | B31: 2024-10-13 | C31: CV Anugrah Teknik | D31: AT916 | E31: Tinta Printer | F31: ATK | G31: 212 | H31: 45000 | I31: Received | J31: 10 | K31: 2024-10-27 | L31: =G31*H31 -> 9540000 | M31: =IF(I31="Received",(K31-B31)-J31,"-") -> 4 | N31: =IF(I31="Received",IF(M31<=0,"Tepat Waktu","Terlambat"),"-") -> Terlambat
A32: PO-2024-0031 | B32: 2024-01-15 | C32: PT Mega Sparepart | D32: SP706 | E32: Gear Reducer | F32: Sparepart Mesin | G32: 224 | H32: 500000 | I32: Received | J32: 5 | K32: 2024-01-21 | L32: =G32*H32 -> 112000000 | M32: =IF(I32="Received",(K32-B32)-J32,"-") -> 1 | N32: =IF(I32="Received",IF(M32<=0,"Tepat Waktu","Terlambat"),"-") -> Terlambat
A33: PO-2024-0032 | B33: 2024-05-22 | C33: CV Sentosa Jaya | D33: BA918 | E33: Cat Epoxy | F33: Bahan Kimia | G33: 451 | H33: 1200000 | I33: Received | J33: 7 | K33: 2024-05-30 | L33: =G33*H33 -> 541200000 | M33: =IF(I33="Received",(K33-B33)-J33,"-") -> 1 | N33: =IF(I33="Received",IF(M33<=0,"Tepat Waktu","Terlambat"),"-") -> Terlambat
A34: PO-2024-0033 | B34: 2024-08-22 | C34: CV Sentosa Jaya | D34: BA640 | E34: Lakban Bening | F34: Bahan Kemasan | G34: 499 | H34: 250000 | I34: Approved | J34: 14 | L34: =G34*H34 -> 124750000 | M34: =IF(I34="Received",(K34-B34)-J34,"-") -> - | N34: =IF(I34="Received",IF(M34<=0,"Tepat Waktu","Terlambat"),"-") -> -
A35: PO-2024-0034 | B35: 2024-07-19 | C35: PT Mega Sparepart | D35: BA460 | E35: Kain Katun Roll | F35: Bahan Baku | G35: 437 | H35: 850000 | I35: Approved | J35: 7 | L35: =G35*H35 -> 371450000 | M35: =IF(I35="Received",(K35-B35)-J35,"-") -> - | N35: =IF(I35="Received",IF(M35<=0,"Tepat Waktu","Terlambat"),"-") -> -
A36: PO-2024-0035 | B36: 2024-11-10 | C36: PT Mega Sparepart | D36: BA420 | E36: Resin Polimer | F36: Bahan Baku | G36: 65 | H36: 75000 | I36: Received | J36: 5 | K36: 2024-11-18 | L36: =G36*H36 -> 4875000 | M36: =IF(I36="Received",(K36-B36)-J36,"-") -> 3 | N36: =IF(I36="Received",IF(M36<=0,"Tepat Waktu","Terlambat"),"-") -> Terlambat
A37: PO-2024-0036 | B37: 2024-12-21 | C37: PT Baja Perkasa | D37: BA528 | E37: Degreaser | F37: Bahan Kimia | G37: 310 | H37: 45000 | I37: Approved | J37: 10 | L37: =G37*H37 -> 13950000 | M37: =IF(I37="Received",(K37-B37)-J37,"-") -> - | N37: =IF(I37="Received",IF(M37<=0,"Tepat Waktu","Terlambat"),"-") -> -
A38: PO-2024-0037 | B38: 2024-04-05 | C38: PT Global Packaging | D38: CO810 | E38: Baterai AA | F38: Consumables | G38: 475 | H38: 45000 | I38: Approved | J38: 10 | L38: =G38*H38 -> 21375000 | M38: =IF(I38="Received",(K38-B38)-J38,"-") -> - | N38: =IF(I38="Received",IF(M38<=0,"Tepat Waktu","Terlambat"),"-") -> -
A39: PO-2024-0038 | B39: 2024-05-27 | C39: PT Baja Perkasa | D39: SP962 | E39: Motor AC 1HP | F39: Sparepart Mesin | G39: 235 | H39: 15000 | I39: Pending | J39: 3 | L39: =G39*H39 -> 3525000 | M39: =IF(I39="Received",(K39-B39)-J39,"-") -> - | N39: =IF(I39="Received",IF(M39<=0,"Tepat Waktu","Terlambat"),"-") -> -
A40: PO-2024-0039 | B40: 2024-09-05 | C40: PT Baja Perkasa | D40: SP675 | E40: Gear Reducer | F40: Sparepart Mesin | G40: 263 | H40: 850000 | I40: Received | J40: 10 | K40: 2024-09-19 | L40: =G40*H40 -> 223550000 | M40: =IF(I40="Received",(K40-B40)-J40,"-") -> 4 | N40: =IF(I40="Received",IF(M40<=0,"Tepat Waktu","Terlambat"),"-") -> Terlambat
A41: PO-2024-0040 | B41: 2024-12-29 | C41: PT Global Packaging | D41: AT184 | E41: Tinta Printer | F41: ATK | G41: 294 | H41: 15000 | I41: Pending | J41: 5 | L41: =G41*H41 -> 4410000 | M41: =IF(I41="Received",(K41-B41)-J41,"-") -> - | N41: =IF(I41="Received",IF(M41<=0,"Tepat Waktu","Terlambat"),"-") -> -
A42: PO-2024-0041 | B42: 2024-05-29 | C42: PT Sumber Makmur | D42: BA650 | E42: Kardus Box L | F42: Bahan Kemasan | G42: 152 | H42: 45000 | I42: Pending | J42: 14 | L42: =G42*H42 -> 6840000 | M42: =IF(I42="Received",(K42-B42)-J42,"-") -> - | N42: =IF(I42="Received",IF(M42<=0,"Tepat Waktu","Terlambat"),"-") -> -
A43: PO-2024-0042 | B43: 2024-09-10 | C43: CV Sinar Terang | D43: BA686 | E43: Cat Epoxy | F43: Bahan Kimia | G43: 63 | H43: 120000 | I43: Pending | J43: 7 | L43: =G43*H43 -> 7560000 | M43: =IF(I43="Received",(K43-B43)-J43,"-") -> - | N43: =IF(I43="Received",IF(M43<=0,"Tepat Waktu","Terlambat"),"-") -> -
A44: PO-2024-0043 | B44: 2024-10-04 | C44: PT Sumber Makmur | D44: CO659 | E44: Isolasi Kabel | F44: Consumables | G44: 116 | H44: 500000 | I44: Received | J44: 5 | K44: 2024-10-11 | L44: =G44*H44 -> 58000000 | M44: =IF(I44="Received",(K44-B44)-J44,"-") -> 2 | N44: =IF(I44="Received",IF(M44<=0,"Tepat Waktu","Terlambat"),"-") -> Terlambat
A45: PO-2024-0044 | B45: 2024-01-17 | C45: PT Global Packaging | D45: BA982 | E45: Plastik Wrap | F45: Bahan Kemasan | G45: 423 | H45: 25000 | I45: Received | J45: 3 | K45: 2024-01-21 | L45: =G45*H45 -> 10575000 | M45: =IF(I45="Received",(K45-B45)-J45,"-") -> 1 | N45: =IF(I45="Received",IF(M45<=0,"Tepat Waktu","Terlambat"),"-") -> Terlambat
A46: PO-2024-0045 | B46: 2024-04-17 | C46: PT Mega Sparepart | D46: CO981 | E46: Majun | F46: Consumables | G46: 368 | H46: 500000 | I46: Received | J46: 5 | K46: 2024-04-23 | L46: =G46*H46 -> 184000000 | M46: =IF(I46="Received",(K46-B46)-J46,"-") -> 1 | N46: =IF(I46="Received",IF(M46<=0,"Tepat Waktu","Terlambat"),"-") -> Terlambat
A47: PO-2024-0046 | B47: 2024-04-15 | C47: PT Sumber Makmur | D47: BA645 | E47: Pelumas Industri | F47: Bahan Kimia | G47: 148 | H47: 1200000 | I47: Received | J47: 7 | K47: 2024-04-24 | L47: =G47*H47 -> 177600000 | M47: =IF(I47="Received",(K47-B47)-J47,"-") -> 2 | N47: =IF(I47="Received",IF(M47<=0,"Tepat Waktu","Terlambat"),"-") -> Terlambat
A48: PO-2024-0047 | B48: 2024-10-20 | C48: PT Karya Abadi | D48: BA238 | E48: Cat Epoxy | F48: Bahan Kimia | G48: 497 | H48: 500000 | I48: Cancelled | J48: 7 | L48: =G48*H48 -> 248500000 | M48: =IF(I48="Received",(K48-B48)-J48,"-") -> - | N48: =IF(I48="Received",IF(M48<=0,"Tepat Waktu","Terlambat"),"-") -> -
A49: PO-2024-0048 | B49: 2024-12-01 | C49: PT Baja Perkasa | D49: CO355 | E49: Masker | F49: Consumables | G49: 79 | H49: 250000 | I49: Pending | J49: 10 | L49: =G49*H49 -> 19750000 | M49: =IF(I49="Received",(K49-B49)-J49,"-") -> - | N49: =IF(I49="Received",IF(M49<=0,"Tepat Waktu","Terlambat"),"-") -> -
A50: PO-2024-0049 | B50: 2024-09-07 | C50: PT Baja Perkasa | D50: BA742 | E50: Pelumas Industri | F50: Bahan Kimia | G50: 217 | H50: 500000 | I50: Received | J50: 3 | K50: 2024-09-14 | L50: =G50*H50 -> 108500000 | M50: =IF(I50="Received",(K50-B50)-J50,"-") -> 4 | N50: =IF(I50="Received",IF(M50<=0,"Tepat Waktu","Terlambat"),"-") -> Terlambat
A51: PO-2024-0050 | B51: 2024-09-20 | C51: PT Karya Abadi | D51: CO565 | E51: Majun | F51: Consumables | G51: 491 | H51: 850000 | I51: Received | J51: 3 | K51: 2024-09-22 | L51: =G51*H51 -> 417350000 | M51: =IF(I51="Received",(K51-B51)-J51,"-") -> -1 | N51: =IF(I51="Received",IF(M51<=0,"Tepat Waktu","Terlambat"),"-") -> Tepat Waktu
A52: PO-2024-0051 | B52: 2024-08-22 | C52: PT Indo Chemical | D52: BA507 | E52: Kawat Tembaga | F52: Bahan Baku | G52: 116 | H52: 500000 | I52: Pending | J52: 10 | L52: =G52*H52 -> 58000000 | M52: =IF(I52="Received",(K52-B52)-J52,"-") -> - | N52: =IF(I52="Received",IF(M52<=0,"Tepat Waktu","Terlambat"),"-") -> -
A53: PO-2024-0052 | B53: 2024-05-17 | C53: PT Indo Chemical | D53: BA660 | E53: Plastik Wrap | F53: Bahan Kemasan | G53: 300 | H53: 45000 | I53: Approved | J53: 10 | L53: =G53*H53 -> 13500000 | M53: =IF(I53="Received",(K53-B53)-J53,"-") -> - | N53: =IF(I53="Received",IF(M53<=0,"Tepat Waktu","Terlambat"),"-") -> -
A54: PO-2024-0053 | B54: 2024-06-24 | C54: PT Sumber Makmur | D54: BA741 | E54: Plat Baja 2mm | F54: Bahan Baku | G54: 406 | H54: 850000 | I54: Received | J54: 5 | K54: 2024-07-04 | L54: =G54*H54 -> 345100000 | M54: =IF(I54="Received",(K54-B54)-J54,"-") -> 5 | N54: =IF(I54="Received",IF(M54<=0,"Tepat Waktu","Terlambat"),"-") -> Terlambat
A55: PO-2024-0054 | B55: 2024-08-21 | C55: PT Sumber Makmur | D55: AT805 | E55: Tinta Printer | F55: ATK | G55: 470 | H55: 45000 | I55: Pending | J55: 7 | L55: =G55*H55 -> 21150000 | M55: =IF(I55="Received",(K55-B55)-J55,"-") -> - | N55: =IF(I55="Received",IF(M55<=0,"Tepat Waktu","Terlambat"),"-") -> -
A56: PO-2024-0055 | B56: 2024-03-22 | C56: PT Karya Abadi | D56: BA356 | E56: Kain Katun Roll | F56: Bahan Baku | G56: 47 | H56: 250000 | I56: Approved | J56: 5 | L56: =G56*H56 -> 11750000 | M56: =IF(I56="Received",(K56-B56)-J56,"-") -> - | N56: =IF(I56="Received",IF(M56<=0,"Tepat Waktu","Terlambat"),"-") -> -
A57: PO-2024-0056 | B57: 2024-01-27 | C57: CV Anugrah Teknik | D57: CO843 | E57: Majun | F57: Consumables | G57: 363 | H57: 75000 | I57: Received | J57: 3 | K57: 2024-01-29 | L57: =G57*H57 -> 27225000 | M57: =IF(I57="Received",(K57-B57)-J57,"-") -> -1 | N57: =IF(I57="Received",IF(M57<=0,"Tepat Waktu","Terlambat"),"-") -> Tepat Waktu
A58: PO-2024-0057 | B58: 2024-01-01 | C58: CV Mitra Logistik | D58: AT235 | E58: Kertas A4 | F58: ATK | G58: 308 | H58: 75000 | I58: Received | J58: 10 | K58: 2024-01-09 | L58: =G58*H58 -> 23100000 | M58: =IF(I58="Received",(K58-B58)-J58,"-") -> -2 | N58: =IF(I58="Received",IF(M58<=0,"Tepat Waktu","Terlambat"),"-") -> Tepat Waktu
A59: PO-2024-0058 | B59: 2024-01-05 | C59: PT Indo Chemical | D59: BA810 | E59: Biji Plastik HDPE | F59: Bahan Baku | G59: 72 | H59: 850000 | I59: Received | J59: 10 | K59: 2024-01-14 | L59: =G59*H59 -> 61200000 | M59: =IF(I59="Received",(K59-B59)-J59,"-") -> -1 | N59: =IF(I59="Received",IF(M59<=0,"Tepat Waktu","Terlambat"),"-") -> Tepat Waktu
A60: PO-2024-0059 | B60: 2024-02-22 | C60: CV Sentosa Jaya | D60: BA406 | E60: Plastik Wrap | F60: Bahan Kemasan | G60: 75 | H60: 500000 | I60: Pending | J60: 5 | L60: =G60*H60 -> 37500000 | M60: =IF(I60="Received",(K60-B60)-J60,"-") -> - | N60: =IF(I60="Received",IF(M60<=0,"Tepat Waktu","Terlambat"),"-") -> -
A61: PO-2024-0060 | B61: 2024-11-24 | C61: PT Baja Perkasa | D61: BA676 | E61: Kawat Tembaga | F61: Bahan Baku | G61: 9 | H61: 45000 | I61: Received | J61: 5 | K61: 2024-11-29 | L61: =G61*H61 -> 405000 | M61: =IF(I61="Received",(K61-B61)-J61,"-") -> 0 | N61: =IF(I61="Received",IF(M61<=0,"Tepat Waktu","Terlambat"),"-") -> Tepat Waktu
A62: PO-2024-0061 | B62: 2024-07-29 | C62: PT Mega Sparepart | D62: CO980 | E62: Isolasi Kabel | F62: Consumables | G62: 116 | H62: 25000 | I62: Pending | J62: 5 | L62: =G62*H62 -> 2900000 | M62: =IF(I62="Received",(K62-B62)-J62,"-") -> - | N62: =IF(I62="Received",IF(M62<=0,"Tepat Waktu","Terlambat"),"-") -> -
A63: PO-2024-0062 | B63: 2024-03-04 | C63: PT Mega Sparepart | D63: CO459 | E63: Isolasi Kabel | F63: Consumables | G63: 498 | H63: 500000 | I63: Received | J63: 5 | K63: 2024-03-10 | L63: =G63*H63 -> 249000000 | M63: =IF(I63="Received",(K63-B63)-J63,"-") -> 1 | N63: =IF(I63="Received",IF(M63<=0,"Tepat Waktu","Terlambat"),"-") -> Terlambat
A64: PO-2024-0063 | B64: 2024-05-21 | C64: CV Sentosa Jaya | D64: SP715 | E64: Sensor Proximity | F64: Sparepart Mesin | G64: 312 | H64: 120000 | I64: Pending | J64: 3 | L64: =G64*H64 -> 37440000 | M64: =IF(I64="Received",(K64-B64)-J64,"-") -> - | N64: =IF(I64="Received",IF(M64<=0,"Tepat Waktu","Terlambat"),"-") -> -
A65: PO-2024-0064 | B65: 2024-12-03 | C65: PT Karya Abadi | D65: SP721 | E65: Sensor Proximity | F65: Sparepart Mesin | G65: 265 | H65: 75000 | I65: Approved | J65: 7 | L65: =G65*H65 -> 19875000 | M65: =IF(I65="Received",(K65-B65)-J65,"-") -> - | N65: =IF(I65="Received",IF(M65<=0,"Tepat Waktu","Terlambat"),"-") -> -
A66: PO-2024-0065 | B66: 2024-11-26 | C66: PT Sumber Makmur | D66: SP495 | E66: Gear Reducer | F66: Sparepart Mesin | G66: 62 | H66: 75000 | I66: Received | J66: 14 | K66: 2024-12-09 | L66: =G66*H66 -> 4650000 | M66: =IF(I66="Received",(K66-B66)-J66,"-") -> -1 | N66: =IF(I66="Received",IF(M66<=0,"Tepat Waktu","Terlambat"),"-") -> Tepat Waktu
A67: PO-2024-0066 | B67: 2024-09-27 | C67: PT Sumber Makmur | D67: BA235 | E67: Plastik Wrap | F67: Bahan Kemasan | G67: 203 | H67: 500000 | I67: Received | J67: 5 | K67: 2024-10-07 | L67: =G67*H67 -> 101500000 | M67: =IF(I67="Received",(K67-B67)-J67,"-") -> 5 | N67: =IF(I67="Received",IF(M67<=0,"Tepat Waktu","Terlambat"),"-") -> Terlambat
A68: PO-2024-0067 | B68: 2024-02-07 | C68: PT Sumber Makmur | D68: BA114 | E68: Cat Epoxy | F68: Bahan Kimia | G68: 139 | H68: 75000 | I68: Received | J68: 3 | K68: 2024-02-14 | L68: =G68*H68 -> 10425000 | M68: =IF(I68="Received",(K68-B68)-J68,"-") -> 4 | N68: =IF(I68="Received",IF(M68<=0,"Tepat Waktu","Terlambat"),"-") -> Terlambat
A69: PO-2024-0068 | B69: 2024-09-16 | C69: PT Karya Abadi | D69: CO885 | E69: Baterai AA | F69: Consumables | G69: 217 | H69: 500000 | I69: Approved | J69: 3 | L69: =G69*H69 -> 108500000 | M69: =IF(I69="Received",(K69-B69)-J69,"-") -> - | N69: =IF(I69="Received",IF(M69<=0,"Tepat Waktu","Terlambat"),"-") -> -
A70: PO-2024-0069 | B70: 2024-11-23 | C70: CV Sinar Terang | D70: BA256 | E70: Solvent | F70: Bahan Kimia | G70: 147 | H70: 25000 | I70: Received | J70: 14 | K70: 2024-12-08 | L70: =G70*H70 -> 3675000 | M70: =IF(I70="Received",(K70-B70)-J70,"-") -> 1 | N70: =IF(I70="Received",IF(M70<=0,"Tepat Waktu","Terlambat"),"-") -> Terlambat
A71: PO-2024-0070 | B71: 2024-03-20 | C71: CV Sinar Terang | D71: BA700 | E71: Lakban Bening | F71: Bahan Kemasan | G71: 329 | H71: 25000 | I71: Received | J71: 10 | K71: 2024-03-31 | L71: =G71*H71 -> 8225000 | M71: =IF(I71="Received",(K71-B71)-J71,"-") -> 1 | N71: =IF(I71="Received",IF(M71<=0,"Tepat Waktu","Terlambat"),"-") -> Terlambat
A72: PO-2024-0071 | B72: 2024-01-30 | C72: CV Mitra Logistik | D72: BA218 | E72: Biji Plastik HDPE | F72: Bahan Baku | G72: 237 | H72: 15000 | I72: Received | J72: 5 | K72: 2024-02-03 | L72: =G72*H72 -> 3555000 | M72: =IF(I72="Received",(K72-B72)-J72,"-") -> -1 | N72: =IF(I72="Received",IF(M72<=0,"Tepat Waktu","Terlambat"),"-") -> Tepat Waktu
A73: PO-2024-0072 | B73: 2024-01-07 | C73: PT Baja Perkasa | D73: CO267 | E73: Sarung Tangan | F73: Consumables | G73: 259 | H73: 250000 | I73: Received | J73: 7 | K73: 2024-01-14 | L73: =G73*H73 -> 64750000 | M73: =IF(I73="Received",(K73-B73)-J73,"-") -> 0 | N73: =IF(I73="Received",IF(M73<=0,"Tepat Waktu","Terlambat"),"-") -> Tepat Waktu
A74: PO-2024-0073 | B74: 2024-07-09 | C74: PT Baja Perkasa | D74: CO850 | E74: Majun | F74: Consumables | G74: 458 | H74: 25000 | I74: Pending | J74: 3 | L74: =G74*H74 -> 11450000 | M74: =IF(I74="Received",(K74-B74)-J74,"-") -> - | N74: =IF(I74="Received",IF(M74<=0,"Tepat Waktu","Terlambat"),"-") -> -
A75: PO-2024-0074 | B75: 2024-06-20 | C75: CV Anugrah Teknik | D75: BA165 | E75: Label Sticker | F75: Bahan Kemasan | G75: 139 | H75: 25000 | I75: Received | J75: 14 | K75: 2024-07-07 | L75: =G75*H75 -> 3475000 | M75: =IF(I75="Received",(K75-B75)-J75,"-") -> 3 | N75: =IF(I75="Received",IF(M75<=0,"Tepat Waktu","Terlambat"),"-") -> Terlambat
A76: PO-2024-0075 | B76: 2024-01-29 | C76: PT Global Packaging | D76: BA476 | E76: Thinner | F76: Bahan Kimia | G76: 85 | H76: 120000 | I76: Pending | J76: 14 | L76: =G76*H76 -> 10200000 | M76: =IF(I76="Received",(K76-B76)-J76,"-") -> - | N76: =IF(I76="Received",IF(M76<=0,"Tepat Waktu","Terlambat"),"-") -> -
A77: PO-2024-0076 | B77: 2024-12-11 | C77: CV Sentosa Jaya | D77: SP102 | E77: Sensor Proximity | F77: Sparepart Mesin | G77: 27 | H77: 15000 | I77: Received | J77: 10 | K77: 2024-12-24 | L77: =G77*H77 -> 405000 | M77: =IF(I77="Received",(K77-B77)-J77,"-") -> 3 | N77: =IF(I77="Received",IF(M77<=0,"Tepat Waktu","Terlambat"),"-") -> Terlambat
A78: PO-2024-0077 | B78: 2024-07-15 | C78: PT Baja Perkasa | D78: SP666 | E78: Bearing 6205 | F78: Sparepart Mesin | G78: 416 | H78: 500000 | I78: Received | J78: 5 | K78: 2024-07-24 | L78: =G78*H78 -> 208000000 | M78: =IF(I78="Received",(K78-B78)-J78,"-") -> 4 | N78: =IF(I78="Received",IF(M78<=0,"Tepat Waktu","Terlambat"),"-") -> Terlambat
A79: PO-2024-0078 | B79: 2024-06-12 | C79: PT Karya Abadi | D79: BA481 | E79: Kawat Tembaga | F79: Bahan Baku | G79: 66 | H79: 1200000 | I79: Approved | J79: 3 | L79: =G79*H79 -> 79200000 | M79: =IF(I79="Received",(K79-B79)-J79,"-") -> - | N79: =IF(I79="Received",IF(M79<=0,"Tepat Waktu","Terlambat"),"-") -> -
A80: PO-2024-0079 | B80: 2024-04-01 | C80: CV Mitra Logistik | D80: BA510 | E80: Cat Epoxy | F80: Bahan Kimia | G80: 40 | H80: 850000 | I80: Pending | J80: 7 | L80: =G80*H80 -> 34000000 | M80: =IF(I80="Received",(K80-B80)-J80,"-") -> - | N80: =IF(I80="Received",IF(M80<=0,"Tepat Waktu","Terlambat"),"-") -> -
A81: PO-2024-0080 | B81: 2024-06-16 | C81: CV Sentosa Jaya | D81: BA108 | E81: Degreaser | F81: Bahan Kimia | G81: 193 | H81: 75000 | I81: Received | J81: 7 | K81: 2024-06-24 | L81: =G81*H81 -> 14475000 | M81: =IF(I81="Received",(K81-B81)-J81,"-") -> 1 | N81: =IF(I81="Received",IF(M81<=0,"Tepat Waktu","Terlambat"),"-") -> Terlambat
A82: PO-2024-0081 | B82: 2024-08-25 | C82: PT Indo Chemical | D82: BA891 | E82: Degreaser | F82: Bahan Kimia | G82: 402 | H82: 75000 | I82: Approved | J82: 14 | L82: =G82*H82 -> 30150000 | M82: =IF(I82="Received",(K82-B82)-J82,"-") -> - | N82: =IF(I82="Received",IF(M82<=0,"Tepat Waktu","Terlambat"),"-") -> -
A83: PO-2024-0082 | B83: 2024-05-05 | C83: PT Baja Perkasa | D83: BA124 | E83: Biji Plastik HDPE | F83: Bahan Baku | G83: 124 | H83: 1200000 | I83: Received | J83: 3 | K83: 2024-05-11 | L83: =G83*H83 -> 148800000 | M83: =IF(I83="Received",(K83-B83)-J83,"-") -> 3 | N83: =IF(I83="Received",IF(M83<=0,"Tepat Waktu","Terlambat"),"-") -> Terlambat
A84: PO-2024-0083 | B84: 2024-01-01 | C84: CV Anugrah Teknik | D84: CO206 | E84: Majun | F84: Consumables | G84: 110 | H84: 1200000 | I84: Cancelled | J84: 10 | L84: =G84*H84 -> 132000000 | M84: =IF(I84="Received",(K84-B84)-J84,"-") -> - | N84: =IF(I84="Received",IF(M84<=0,"Tepat Waktu","Terlambat"),"-") -> -
A85: PO-2024-0084 | B85: 2024-09-08 | C85: PT Sumber Makmur | D85: SP195 | E85: Motor AC 1HP | F85: Sparepart Mesin | G85: 27 | H85: 75000 | I85: Pending | J85: 14 | L85: =G85*H85 -> 2025000 | M85: =IF(I85="Received",(K85-B85)-J85,"-") -> - | N85: =IF(I85="Received",IF(M85<=0,"Tepat Waktu","Terlambat"),"-") -> -
A86: PO-2024-0085 | B86: 2024-07-30 | C86: PT Indo Chemical | D86: AT694 | E86: Kertas A4 | F86: ATK | G86: 53 | H86: 1200000 | I86: Received | J86: 10 | K86: 2024-08-08 | L86: =G86*H86 -> 63600000 | M86: =IF(I86="Received",(K86-B86)-J86,"-") -> -1 | N86: =IF(I86="Received",IF(M86<=0,"Tepat Waktu","Terlambat"),"-") -> Tepat Waktu
A87: PO-2024-0086 | B87: 2024-10-30 | C87: PT Mega Sparepart | D87: BA778 | E87: Biji Plastik HDPE | F87: Bahan Baku | G87: 498 | H87: 45000 | I87: Received | J87: 7 | K87: 2024-11-09 | L87: =G87*H87 -> 22410000 | M87: =IF(I87="Received",(K87-B87)-J87,"-") -> 3 | N87: =IF(I87="Received",IF(M87<=0,"Tepat Waktu","Terlambat"),"-") -> Terlambat
A88: PO-2024-0087 | B88: 2024-07-20 | C88: PT Indo Chemical | D88: BA378 | E88: Lakban Bening | F88: Bahan Kemasan | G88: 124 | H88: 25000 | I88: Cancelled | J88: 5 | L88: =G88*H88 -> 3100000 | M88: =IF(I88="Received",(K88-B88)-J88,"-") -> - | N88: =IF(I88="Received",IF(M88<=0,"Tepat Waktu","Terlambat"),"-") -> -
A89: PO-2024-0088 | B89: 2024-10-26 | C89: CV Sentosa Jaya | D89: SP268 | E89: Bearing 6205 | F89: Sparepart Mesin | G89: 235 | H89: 850000 | I89: Received | J89: 3 | K89: 2024-11-04 | L89: =G89*H89 -> 199750000 | M89: =IF(I89="Received",(K89-B89)-J89,"-") -> 6 | N89: =IF(I89="Received",IF(M89<=0,"Tepat Waktu","Terlambat"),"-") -> Terlambat
A90: PO-2024-0089 | B90: 2024-07-02 | C90: CV Mitra Logistik | D90: AT574 | E90: Map Folder | F90: ATK | G90: 140 | H90: 25000 | I90: Received | J90: 7 | K90: 2024-07-07 | L90: =G90*H90 -> 3500000 | M90: =IF(I90="Received",(K90-B90)-J90,"-") -> -2 | N90: =IF(I90="Received",IF(M90<=0,"Tepat Waktu","Terlambat"),"-") -> Tepat Waktu
A91: PO-2024-0090 | B91: 2024-04-20 | C91: PT Indo Chemical | D91: SP828 | E91: Bearing 6205 | F91: Sparepart Mesin | G91: 132 | H91: 250000 | I91: Received | J91: 3 | K91: 2024-04-25 | L91: =G91*H91 -> 33000000 | M91: =IF(I91="Received",(K91-B91)-J91,"-") -> 2 | N91: =IF(I91="Received",IF(M91<=0,"Tepat Waktu","Terlambat"),"-") -> Terlambat
A92: PO-2024-0091 | B92: 2024-05-13 | C92: PT Baja Perkasa | D92: BA975 | E92: Biji Plastik HDPE | F92: Bahan Baku | G92: 236 | H92: 1200000 | I92: Approved | J92: 5 | L92: =G92*H92 -> 283200000 | M92: =IF(I92="Received",(K92-B92)-J92,"-") -> - | N92: =IF(I92="Received",IF(M92<=0,"Tepat Waktu","Terlambat"),"-") -> -
A93: PO-2024-0092 | B93: 2024-02-18 | C93: PT Global Packaging | D93: BA224 | E93: Resin Polimer | F93: Bahan Baku | G93: 11 | H93: 15000 | I93: Pending | J93: 5 | L93: =G93*H93 -> 165000 | M93: =IF(I93="Received",(K93-B93)-J93,"-") -> - | N93: =IF(I93="Received",IF(M93<=0,"Tepat Waktu","Terlambat"),"-") -> -
A94: PO-2024-0093 | B94: 2024-03-07 | C94: CV Mitra Logistik | D94: AT802 | E94: Map Folder | F94: ATK | G94: 327 | H94: 25000 | I94: Approved | J94: 7 | L94: =G94*H94 -> 8175000 | M94: =IF(I94="Received",(K94-B94)-J94,"-") -> - | N94: =IF(I94="Received",IF(M94<=0,"Tepat Waktu","Terlambat"),"-") -> -
A95: PO-2024-0094 | B95: 2024-02-08 | C95: PT Sumber Makmur | D95: BA761 | E95: Resin Polimer | F95: Bahan Baku | G95: 232 | H95: 45000 | I95: Received | J95: 7 | K95: 2024-02-14 | L95: =G95*H95 -> 10440000 | M95: =IF(I95="Received",(K95-B95)-J95,"-") -> -1 | N95: =IF(I95="Received",IF(M95<=0,"Tepat Waktu","Terlambat"),"-") -> Tepat Waktu
A96: PO-2024-0095 | B96: 2024-01-22 | C96: PT Global Packaging | D96: BA687 | E96: Resin Polimer | F96: Bahan Baku | G96: 226 | H96: 500000 | I96: Received | J96: 10 | K96: 2024-02-05 | L96: =G96*H96 -> 113000000 | M96: =IF(I96="Received",(K96-B96)-J96,"-") -> 4 | N96: =IF(I96="Received",IF(M96<=0,"Tepat Waktu","Terlambat"),"-") -> Terlambat
A97: PO-2024-0096 | B97: 2024-03-29 | C97: PT Indo Chemical | D97: SP381 | E97: Belt Conveyor | F97: Sparepart Mesin | G97: 148 | H97: 850000 | I97: Pending | J97: 3 | L97: =G97*H97 -> 125800000 | M97: =IF(I97="Received",(K97-B97)-J97,"-") -> - | N97: =IF(I97="Received",IF(M97<=0,"Tepat Waktu","Terlambat"),"-") -> -
A98: PO-2024-0097 | B98: 2024-11-10 | C98: PT Mega Sparepart | D98: BA762 | E98: Thinner | F98: Bahan Kimia | G98: 156 | H98: 850000 | I98: Received | J98: 14 | K98: 2024-11-29 | L98: =G98*H98 -> 132600000 | M98: =IF(I98="Received",(K98-B98)-J98,"-") -> 5 | N98: =IF(I98="Received",IF(M98<=0,"Tepat Waktu","Terlambat"),"-") -> Terlambat
A99: PO-2024-0098 | B99: 2024-02-01 | C99: CV Sentosa Jaya | D99: BA240 | E99: Lakban Bening | F99: Bahan Kemasan | G99: 219 | H99: 75000 | I99: Approved | J99: 14 | L99: =G99*H99 -> 16425000 | M99: =IF(I99="Received",(K99-B99)-J99,"-") -> - | N99: =IF(I99="Received",IF(M99<=0,"Tepat Waktu","Terlambat"),"-") -> -
A100: PO-2024-0099 | B100: 2024-05-07 | C100: CV Sinar Terang | D100: BA900 | E100: Biji Plastik HDPE | F100: Bahan Baku | G100: 370 | H100: 250000 | I100: Received | J100: 10 | K100: 2024-05-20 | L100: =G100*H100 -> 92500000 | M100: =IF(I100="Received",(K100-B100)-J100,"-") -> 3 | N100: =IF(I100="Received",IF(M100<=0,"Tepat Waktu","Terlambat"),"-") -> Terlambat
...

Sheet Rekap_Ringkasan
A1: REKAP PURCHASING - PT MAJUJAYA MANUFAKTUR
A2: Sumber data: sheet Kunci_Jawaban
A4: Supplier | B4: Jumlah PO | C4: Total Nilai Pembelian | D4: Rata-rata Lead Time Janji (hari) | E4: Jml PO Received | F4: Jml Tepat Waktu | G4: % Ketepatan Kirim | H4: Ranking Nilai Pembelian
A5: CV Anugrah Teknik | B5: =COUNTIF(Kunci_Jawaban!C:C,A5) -> 25 | C5: =SUMIF(Kunci_Jawaban!C:C,A5,Kunci_Jawaban!L:L) -> 2162295000 | D5: =AVERAGEIF(Kunci_Jawaban!C:C,A5,Kunci_Jawaban!J:J) -> 7.88 | E5: =COUNTIFS(Kunci_Jawaban!C:C,A5,Kunci_Jawaban!I:I,"Received") -> 14 | F5: =COUNTIFS(Kunci_Jawaban!C:C,A5,Kunci_Jawaban!N:N,"Tepat Waktu") -> 3 | G5: =IFERROR(F5/E5*100,0) -> 21.428571 | H5: =RANK(C5,$C$5:$C$14) -> 5
A6: CV Mitra Logistik | B6: =COUNTIF(Kunci_Jawaban!C:C,A6) -> 17 | C6: =SUMIF(Kunci_Jawaban!C:C,A6,Kunci_Jawaban!L:L) -> 902815000 | D6: =AVERAGEIF(Kunci_Jawaban!C:C,A6,Kunci_Jawaban!J:J) -> 7.1176471 | E6: =COUNTIFS(Kunci_Jawaban!C:C,A6,Kunci_Jawaban!I:I,"Received") -> 12 | F6: =COUNTIFS(Kunci_Jawaban!C:C,A6,Kunci_Jawaban!N:N,"Tepat Waktu") -> 5 | G6: =IFERROR(F6/E6*100,0) -> 41.666667 | H6: =RANK(C6,$C$5:$C$14) -> 9
A7: CV Sentosa Jaya | B7: =COUNTIF(Kunci_Jawaban!C:C,A7) -> 27 | C7: =SUMIF(Kunci_Jawaban!C:C,A7,Kunci_Jawaban!L:L) -> 3052380000 | D7: =AVERAGEIF(Kunci_Jawaban!C:C,A7,Kunci_Jawaban!J:J) -> 7 | E7: =COUNTIFS(Kunci_Jawaban!C:C,A7,Kunci_Jawaban!I:I,"Received") -> 15 | F7: =COUNTIFS(Kunci_Jawaban!C:C,A7,Kunci_Jawaban!N:N,"Tepat Waktu") -> 2 | G7: =IFERROR(F7/E7*100,0) -> 13.333333 | H7: =RANK(C7,$C$5:$C$14) -> 2
A8: CV Sinar Terang | B8: =COUNTIF(Kunci_Jawaban!C:C,A8) -> 24 | C8: =SUMIF(Kunci_Jawaban!C:C,A8,Kunci_Jawaban!L:L) -> 1198325000 | D8: =AVERAGEIF(Kunci_Jawaban!C:C,A8,Kunci_Jawaban!J:J) -> 8.0416667 | E8: =COUNTIFS(Kunci_Jawaban!C:C,A8,Kunci_Jawaban!I:I,"Received") -> 13 | F8: =COUNTIFS(Kunci_Jawaban!C:C,A8,Kunci_Jawaban!N:N,"Tepat Waktu") -> 5 | G8: =IFERROR(F8/E8*100,0) -> 38.461538 | H8: =RANK(C8,$C$5:$C$14) -> 8
A9: PT Baja Perkasa | B9: =COUNTIF(Kunci_Jawaban!C:C,A9) -> 24 | C9: =SUMIF(Kunci_Jawaban!C:C,A9,Kunci_Jawaban!L:L) -> 2390670000 | D9: =AVERAGEIF(Kunci_Jawaban!C:C,A9,Kunci_Jawaban!J:J) -> 7.7083333 | E9: =COUNTIFS(Kunci_Jawaban!C:C,A9,Kunci_Jawaban!I:I,"Received") -> 14 | F9: =COUNTIFS(Kunci_Jawaban!C:C,A9,Kunci_Jawaban!N:N,"Tepat Waktu") -> 6 | G9: =IFERROR(F9/E9*100,0) -> 42.857143 | H9: =RANK(C9,$C$5:$C$14) -> 3
A10: PT Global Packaging | B10: =COUNTIF(Kunci_Jawaban!C:C,A10) -> 26 | C10: =SUMIF(Kunci_Jawaban!C:C,A10,Kunci_Jawaban!L:L) -> 3054885000 | D10: =AVERAGEIF(Kunci_Jawaban!C:C,A10,Kunci_Jawaban!J:J) -> 8.1538462 | E10: =COUNTIFS(Kunci_Jawaban!C:C,A10,Kunci_Jawaban!I:I,"Received") -> 10 | F10: =COUNTIFS(Kunci_Jawaban!C:C,A10,Kunci_Jawaban!N:N,"Tepat Waktu") -> 1 | G10: =IFERROR(F10/E10*100,0) -> 10 | H10: =RANK(C10,$C$5:$C$14) -> 1
A11: PT Indo Chemical | B11: =COUNTIF(Kunci_Jawaban!C:C,A11) -> 25 | C11: =SUMIF(Kunci_Jawaban!C:C,A11,Kunci_Jawaban!L:L) -> 885135000 | D11: =AVERAGEIF(Kunci_Jawaban!C:C,A11,Kunci_Jawaban!J:J) -> 7.88 | E11: =COUNTIFS(Kunci_Jawaban!C:C,A11,Kunci_Jawaban!I:I,"Received") -> 11 | F11: =COUNTIFS(Kunci_Jawaban!C:C,A11,Kunci_Jawaban!N:N,"Tepat Waktu") -> 5 | G11: =IFERROR(F11/E11*100,0) -> 45.454545 | H11: =RANK(C11,$C$5:$C$14) -> 10
A12: PT Karya Abadi | B12: =COUNTIF(Kunci_Jawaban!C:C,A12) -> 18 | C12: =SUMIF(Kunci_Jawaban!C:C,A12,Kunci_Jawaban!L:L) -> 1420600000 | D12: =AVERAGEIF(Kunci_Jawaban!C:C,A12,Kunci_Jawaban!J:J) -> 7.6666667 | E12: =COUNTIFS(Kunci_Jawaban!C:C,A12,Kunci_Jawaban!I:I,"Received") -> 4 | F12: =COUNTIFS(Kunci_Jawaban!C:C,A12,Kunci_Jawaban!N:N,"Tepat Waktu") -> 2 | G12: =IFERROR(F12/E12*100,0) -> 50 | H12: =RANK(C12,$C$5:$C$14) -> 7
A13: PT Mega Sparepart | B13: =COUNTIF(Kunci_Jawaban!C:C,A13) -> 20 | C13: =SUMIF(Kunci_Jawaban!C:C,A13,Kunci_Jawaban!L:L) -> 2109155000 | D13: =AVERAGEIF(Kunci_Jawaban!C:C,A13,Kunci_Jawaban!J:J) -> 7.75 | E13: =COUNTIFS(Kunci_Jawaban!C:C,A13,Kunci_Jawaban!I:I,"Received") -> 10 | F13: =COUNTIFS(Kunci_Jawaban!C:C,A13,Kunci_Jawaban!N:N,"Tepat Waktu") -> 1 | G13: =IFERROR(F13/E13*100,0) -> 10 | H13: =RANK(C13,$C$5:$C$14) -> 6
A14: PT Sumber Makmur | B14: =COUNTIF(Kunci_Jawaban!C:C,A14) -> 24 | C14: =SUMIF(Kunci_Jawaban!C:C,A14,Kunci_Jawaban!L:L) -> 2365750000 | D14: =AVERAGEIF(Kunci_Jawaban!C:C,A14,Kunci_Jawaban!J:J) -> 8 | E14: =COUNTIFS(Kunci_Jawaban!C:C,A14,Kunci_Jawaban!I:I,"Received") -> 15 | F14: =COUNTIFS(Kunci_Jawaban!C:C,A14,Kunci_Jawaban!N:N,"Tepat Waktu") -> 4 | G14: =IFERROR(F14/E14*100,0) -> 26.666667 | H14: =RANK(C14,$C$5:$C$14) -> 4
A16: TOTAL SELURUH PO | B16: =SUM(B5:B14) -> 230 | C16: =SUM(C5:C14) -> 19542010000

Sheet Panduan_Rumus
A1: Kolom / Tugas | B1: Rumus & Cara Kerja | C1: Untuk apa skill ini di dunia kerja / bullet CV
A2: Total Harga | B2: Rumus: Qty x Harga Satuan | C2: Dasar semua laporan pembelian - nilai transaksi per PO.
A3: Keterlambatan (hari) | B3: Rumus: IF(Status="Received",(TglTerima-TglPO)-LeadTimeJanji,"-") | C3: Menghitung selisih realisasi vs janji supplier - dipakai untuk evaluasi kinerja supplier (vendor scorecard).
A4: Status Ketepatan Kirim | B4: Rumus: IF(Status="Received",IF(Keterlambatan<=0,"Tepat Waktu","Terlambat"),"-") | C4: Klasifikasi otomatis ketepatan pengiriman, dasar KPI purchasing.
A5: Rekap per Supplier | B5: Rumus: COUNTIF, SUMIF, AVERAGEIF, COUNTIFS, RANK, IFERROR | C5: Membuat vendor performance report - total belanja per supplier, % ketepatan kirim, dan ranking supplier terbaik.
A6: RANK | B6: Rumus: RANK(nilai, range_nilai) | C6: Meranking supplier berdasarkan total nilai pembelian - berguna untuk negosiasi kontrak & evaluasi tahunan.
A7: IFERROR | B7: Rumus: IFERROR(rumus, nilai_jika_error) | C7: Mencegah tampilan pesan error pembagian dengan nol saat supplier belum ada PO Received - praktik profesional agar laporan rapi.
A9: Tips CV / Portofolio | B9: Cantumkan sebagai project: Menyusun sistem rekap purchasing 230 PO dari 10 supplier menggunakan Excel (SUMIF, COUNTIFS, RANK, IFERROR) untuk memantau ketepatan kirim & nilai pembelian per vendor. | C9: Boleh ditambahkan estimasi dampak realistis, misal: 'mempermudah identifikan supplier bermasalah dari waktu manual berjam-jam menjadi hitungan menit', selama dijelaskan sebagai simulasi/latihan mandiri.

Sheet Latihan_Lookup
A1: LATIHAN LOOKUP: VLOOKUP, INDEX+MATCH, HLOOKUP
A2: Data PO diambil dari sheet Kunci_Jawaban. Isi kolom kuning sendiri di baris 4 dst (baris 3 = contoh).
A4: Tabel Referensi 1: Lead Time Standar per Kategori Barang (untuk VLOOKUP & INDEX+MATCH)
A5: Kategori | B5: Kode Kategori | C5: Lead Time Standar (hari)
A6: ATK | B6: KTG01 | C6: 10
A7: Bahan Baku | B7: KTG02 | C7: 14
A8: Bahan Kemasan | B8: KTG03 | C8: 10
A9: Bahan Kimia | B9: KTG04 | C9: 10
A10: Consumables | B10: KTG05 | C10: 14
A11: Sparepart Mesin | B11: KTG06 | C11: 14
A14: Tabel Referensi 2: Persentase Diskon berdasarkan Tier Qty Pembelian (untuk HLOOKUP)
A15: Tier Qty | B15: 0-50 | C15: 51-150 | D15: 151-300 | E15: 301+
A16: % Diskon | B16: 0 | C16: 0.02 | D16: 0.05 | E16: 0.08
A19: Area Praktik (data dari sheet Kunci_Jawaban)
A20: No PO | B20: Supplier | C20: Kategori | D20: Qty | E20: Lead Time Standar (VLOOKUP) | F20: Lead Time Standar (INDEX+MATCH, cek silang) | G20: Tier Qty (bantuan) | H20: % Diskon (HLOOKUP)
A21: =Kunci_Jawaban!A2 -> PO-2024-0001 | B21: =Kunci_Jawaban!C2 -> PT Indo Chemical | C21: =Kunci_Jawaban!F2 -> Bahan Baku | D21: =Kunci_Jawaban!G2 -> 78 | E21: =VLOOKUP(C21,$A$6:$C$11,3,FALSE()) -> 14 | F21: =INDEX($C$6:$C$11,MATCH(C21,$A$6:$A$11,0)) -> 14 | G21: =IF(D21<=50,"0-50",IF(D21<=150,"51-150",IF(D21<=300,"151-300","301+"))) -> 51-150 | H21: =HLOOKUP(G21,$B$15:$E$16,2,FALSE()) -> 0.02
A22: =Kunci_Jawaban!A3 -> PO-2024-0002 | B22: =Kunci_Jawaban!C3 -> PT Mega Sparepart | C22: =Kunci_Jawaban!F3 -> Sparepart Mesin | D22: =Kunci_Jawaban!G3 -> 439
A23: =Kunci_Jawaban!A4 -> PO-2024-0003 | B23: =Kunci_Jawaban!C4 -> CV Anugrah Teknik | C23: =Kunci_Jawaban!F4 -> Consumables | D23: =Kunci_Jawaban!G4 -> 357
A24: =Kunci_Jawaban!A5 -> PO-2024-0004 | B24: =Kunci_Jawaban!C5 -> CV Anugrah Teknik | C24: =Kunci_Jawaban!F5 -> Sparepart Mesin | D24: =Kunci_Jawaban!G5 -> 314
A25: =Kunci_Jawaban!A6 -> PO-2024-0005 | B25: =Kunci_Jawaban!C6 -> PT Karya Abadi | C25: =Kunci_Jawaban!F6 -> ATK | D25: =Kunci_Jawaban!G6 -> 187
A26: =Kunci_Jawaban!A7 -> PO-2024-0006 | B26: =Kunci_Jawaban!C7 -> PT Mega Sparepart | C26: =Kunci_Jawaban!F7 -> Consumables | D26: =Kunci_Jawaban!G7 -> 400
A27: =Kunci_Jawaban!A8 -> PO-2024-0007 | B27: =Kunci_Jawaban!C8 -> PT Karya Abadi | C27: =Kunci_Jawaban!F8 -> Sparepart Mesin | D27: =Kunci_Jawaban!G8 -> 406
A28: =Kunci_Jawaban!A9 -> PO-2024-0008 | B28: =Kunci_Jawaban!C9 -> CV Sentosa Jaya | C28: =Kunci_Jawaban!F9 -> Bahan Baku | D28: =Kunci_Jawaban!G9 -> 232
A29: =Kunci_Jawaban!A10 -> PO-2024-0009 | B29: =Kunci_Jawaban!C10 -> CV Sentosa Jaya | C29: =Kunci_Jawaban!F10 -> Sparepart Mesin | D29: =Kunci_Jawaban!G10 -> 290
A30: =Kunci_Jawaban!A11 -> PO-2024-0010 | B30: =Kunci_Jawaban!C11 -> PT Indo Chemical | C30: =Kunci_Jawaban!F11 -> Bahan Kimia | D30: =Kunci_Jawaban!G11 -> 311
A31: =Kunci_Jawaban!A12 -> PO-2024-0011 | B31: =Kunci_Jawaban!C12 -> CV Anugrah Teknik | C31: =Kunci_Jawaban!F12 -> ATK | D31: =Kunci_Jawaban!G12 -> 466
A32: =Kunci_Jawaban!A13 -> PO-2024-0012 | B32: =Kunci_Jawaban!C13 -> CV Sinar Terang | C32: =Kunci_Jawaban!F13 -> Sparepart Mesin | D32: =Kunci_Jawaban!G13 -> 76
A33: =Kunci_Jawaban!A14 -> PO-2024-0013 | B33: =Kunci_Jawaban!C14 -> PT Baja Perkasa | C33: =Kunci_Jawaban!F14 -> ATK | D33: =Kunci_Jawaban!G14 -> 158
... A50: =Kunci_Jawaban!A31 -> PO-2024-0030 | B50: =Kunci_Jawaban!C31 -> CV Anugrah Teknik | C50: =Kunci_Jawaban!F31 -> ATK | D50: =Kunci_Jawaban!G31 -> 212
A53: Catatan: XLOOKUP sengaja tidak dipakai sebagai rumus hidup di file ini karena engine yang memverifikasi file ini belum bisa menghitungnya (berisiko rumus rusak/tidak terbaca saat dibuka). INDEX+MATCH di kolom F adalah pengganti XLOOKUP yang hasilnya identik dan didukung semua versi Excel/Google Sheets. Kalau Excel/Google Sheets kamu sudah versi baru, boleh dicoba sendiri (ketik manual): XLOOKUP(C3,A6:A11,C6:C11) — hasilnya akan sama dengan kolom E & F.
