Workbook

Sheet Data_Mentah
A1: Tanggal | B1: Kode Barang | C1: Nama Barang | D1: Kategori | E1: Satuan | F1: Jenis Transaksi | G1: Qty | H1: Harga Beli/Unit (khusus Masuk) | I1: Gudang
A2: 2024-01-03 | B2: BB-001 | C2: Plat Baja 2mm | D2: Bahan Baku | E2: Kg | F2: Masuk | G2: 193 | H2: 18716 | I2: Gudang Utama
A3: 2024-01-07 | B3: BB-001 | C3: Plat Baja 2mm | D3: Bahan Baku | E3: Kg | F3: Keluar | G3: 55 | I3: Gudang Utama
A4: 2024-01-10 | B4: BB-001 | C4: Plat Baja 2mm | D4: Bahan Baku | E4: Kg | F4: Keluar | G4: 23 | I4: Gudang Utama
A5: 2024-01-12 | B5: BB-001 | C5: Plat Baja 2mm | D5: Bahan Baku | E5: Kg | F5: Keluar | G5: 20 | I5: Gudang Utama
A6: 2024-01-15 | B6: BB-001 | C6: Plat Baja 2mm | D6: Bahan Baku | E6: Kg | F6: Keluar | G6: 27 | I6: Gudang Utama
A7: 2024-01-20 | B7: BB-001 | C7: Plat Baja 2mm | D7: Bahan Baku | E7: Kg | F7: Masuk | G7: 180 | H7: 16626 | I7: Gudang Utama
A8: 2024-01-26 | B8: BB-001 | C8: Plat Baja 2mm | D8: Bahan Baku | E8: Kg | F8: Masuk | G8: 24 | H8: 20154 | I8: Gudang Utama
A9: 2024-02-01 | B9: BB-001 | C9: Plat Baja 2mm | D9: Bahan Baku | E9: Kg | F9: Masuk | G9: 168 | H9: 20742 | I9: Gudang Utama
A10: 2024-02-05 | B10: BB-001 | C10: Plat Baja 2mm | D10: Bahan Baku | E10: Kg | F10: Keluar | G10: 37 | I10: Gudang Utama
A11: 2024-02-06 | B11: BB-001 | C11: Plat Baja 2mm | D11: Bahan Baku | E11: Kg | F11: Keluar | G11: 79 | I11: Gudang Utama
A12: 2024-02-11 | B12: BB-001 | C12: Plat Baja 2mm | D12: Bahan Baku | E12: Kg | F12: Keluar | G12: 109 | I12: Gudang Utama
A13: 2024-02-13 | B13: BB-001 | C13: Plat Baja 2mm | D13: Bahan Baku | E13: Kg | F13: Masuk | G13: 77 | H13: 20830 | I13: Gudang Utama
A14: 2024-02-19 | B14: BB-001 | C14: Plat Baja 2mm | D14: Bahan Baku | E14: Kg | F14: Keluar | G14: 27 | I14: Gudang Utama
A15: 2024-02-23 | B15: BB-001 | C15: Plat Baja 2mm | D15: Bahan Baku | E15: Kg | F15: Keluar | G15: 21 | I15: Gudang Utama
A16: 2024-02-27 | B16: BB-001 | C16: Plat Baja 2mm | D16: Bahan Baku | E16: Kg | F16: Masuk | G16: 22 | H16: 17956 | I16: Gudang Utama
A17: 2024-03-03 | B17: BB-001 | C17: Plat Baja 2mm | D17: Bahan Baku | E17: Kg | F17: Keluar | G17: 106 | I17: Gudang Utama
A18: 2024-03-08 | B18: BB-001 | C18: Plat Baja 2mm | D18: Bahan Baku | E18: Kg | F18: Masuk | G18: 60 | H18: 17467 | I18: Gudang Utama
A19: 2024-03-13 | B19: BB-001 | C19: Plat Baja 2mm | D19: Bahan Baku | E19: Kg | F19: Keluar | G19: 94 | I19: Gudang Utama
A20: 2024-03-15 | B20: BB-001 | C20: Plat Baja 2mm | D20: Bahan Baku | E20: Kg | F20: Keluar | G20: 71 | I20: Gudang Utama
A21: 2024-03-18 | B21: BB-001 | C21: Plat Baja 2mm | D21: Bahan Baku | E21: Kg | F21: Masuk | G21: 144 | H21: 17898 | I21: Gudang Utama
A22: 2024-03-19 | B22: BB-001 | C22: Plat Baja 2mm | D22: Bahan Baku | E22: Kg | F22: Masuk | G22: 79 | H22: 16350 | I22: Gudang Utama
A23: 2024-03-25 | B23: BB-001 | C23: Plat Baja 2mm | D23: Bahan Baku | E23: Kg | F23: Masuk | G23: 112 | H23: 19179 | I23: Gudang Utama
A24: 2024-03-29 | B24: BB-001 | C24: Plat Baja 2mm | D24: Bahan Baku | E24: Kg | F24: Keluar | G24: 15 | I24: Gudang Utama
A25: 2024-03-30 | B25: BB-001 | C25: Plat Baja 2mm | D25: Bahan Baku | E25: Kg | F25: Keluar | G25: 51 | I25: Gudang Utama
A26: 2024-03-31 | B26: BB-001 | C26: Plat Baja 2mm | D26: Bahan Baku | E26: Kg | F26: Keluar | G26: 76 | I26: Gudang Utama
A27: 2024-04-06 | B27: BB-001 | C27: Plat Baja 2mm | D27: Bahan Baku | E27: Kg | F27: Keluar | G27: 116 | I27: Gudang Utama
A28: 2024-04-12 | B28: BB-001 | C28: Plat Baja 2mm | D28: Bahan Baku | E28: Kg | F28: Masuk | G28: 159 | H28: 20670 | I28: Gudang Utama
A29: 2024-04-14 | B29: BB-001 | C29: Plat Baja 2mm | D29: Bahan Baku | E29: Kg | F29: Masuk | G29: 116 | H29: 18992 | I29: Gudang Utama
A30: 2024-04-19 | B30: BB-001 | C30: Plat Baja 2mm | D30: Bahan Baku | E30: Kg | F30: Keluar | G30: 116 | I30: Gudang Utama
A31: 2024-04-20 | B31: BB-001 | C31: Plat Baja 2mm | D31: Bahan Baku | E31: Kg | F31: Keluar | G31: 58 | I31: Gudang Utama
A32: 2024-04-22 | B32: BB-001 | C32: Plat Baja 2mm | D32: Bahan Baku | E32: Kg | F32: Keluar | G32: 55 | I32: Gudang Utama
A33: 2024-04-25 | B33: BB-001 | C33: Plat Baja 2mm | D33: Bahan Baku | E33: Kg | F33: Keluar | G33: 71 | I33: Gudang Utama
A34: 2024-04-30 | B34: BB-001 | C34: Plat Baja 2mm | D34: Bahan Baku | E34: Kg | F34: Masuk | G34: 55 | H34: 19603 | I34: Gudang Utama
A35: 2024-05-02 | B35: BB-001 | C35: Plat Baja 2mm | D35: Bahan Baku | E35: Kg | F35: Masuk | G35: 151 | H35: 18300 | I35: Gudang Utama
A36: 2024-05-04 | B36: BB-001 | C36: Plat Baja 2mm | D36: Bahan Baku | E36: Kg | F36: Masuk | G36: 60 | H36: 18967 | I36: Gudang Utama
A37: 2024-05-09 | B37: BB-001 | C37: Plat Baja 2mm | D37: Bahan Baku | E37: Kg | F37: Keluar | G37: 25 | I37: Gudang Utama
A38: 2024-05-15 | B38: BB-001 | C38: Plat Baja 2mm | D38: Bahan Baku | E38: Kg | F38: Masuk | G38: 104 | H38: 16928 | I38: Gudang Utama
A39: 2024-05-19 | B39: BB-001 | C39: Plat Baja 2mm | D39: Bahan Baku | E39: Kg | F39: Keluar | G39: 71 | I39: Gudang Utama
A40: 2024-05-21 | B40: BB-001 | C40: Plat Baja 2mm | D40: Bahan Baku | E40: Kg | F40: Keluar | G40: 92 | I40: Gudang Utama
A41: 2024-05-25 | B41: BB-001 | C41: Plat Baja 2mm | D41: Bahan Baku | E41: Kg | F41: Masuk | G41: 31 | H41: 17047 | I41: Gudang Utama
A42: 2024-05-30 | B42: BB-001 | C42: Plat Baja 2mm | D42: Bahan Baku | E42: Kg | F42: Keluar | G42: 27 | I42: Gudang Utama
A43: 2024-06-05 | B43: BB-001 | C43: Plat Baja 2mm | D43: Bahan Baku | E43: Kg | F43: Keluar | G43: 83 | I43: Gudang Utama
A44: 2024-06-07 | B44: BB-001 | C44: Plat Baja 2mm | D44: Bahan Baku | E44: Kg | F44: Masuk | G44: 86 | H44: 17474 | I44: Gudang Utama
A45: 2024-06-12 | B45: BB-001 | C45: Plat Baja 2mm | D45: Bahan Baku | E45: Kg | F45: Keluar | G45: 86 | I45: Gudang Utama
A46: 2024-06-17 | B46: BB-001 | C46: Plat Baja 2mm | D46: Bahan Baku | E46: Kg | F46: Keluar | G46: 102 | I46: Gudang Utama
A47: 2024-01-04 | B47: BB-002 | C47: Resin Polimer | D47: Bahan Baku | E47: Kg | F47: Masuk | G47: 41 | H47: 24774 | I47: Gudang Utama
A48: 2024-01-08 | B48: BB-002 | C48: Resin Polimer | D48: Bahan Baku | E48: Kg | F48: Keluar | G48: 40 | I48: Gudang Utama
A49: 2024-01-12 | B49: BB-002 | C49: Resin Polimer | D49: Bahan Baku | E49: Kg | F49: Masuk | G49: 63 | H49: 24797 | I49: Gudang Utama
A50: 2024-01-16 | B50: BB-002 | C50: Resin Polimer | D50: Bahan Baku | E50: Kg | F50: Keluar | G50: 60 | I50: Gudang Utama
A51: 2024-01-21 | B51: BB-002 | C51: Resin Polimer | D51: Bahan Baku | E51: Kg | F51: Masuk | G51: 66 | H51: 27184 | I51: Gudang Utama
A52: 2024-01-24 | B52: BB-002 | C52: Resin Polimer | D52: Bahan Baku | E52: Kg | F52: Masuk | G52: 195 | H52: 25807 | I52: Gudang Utama
A53: 2024-01-28 | B53: BB-002 | C53: Resin Polimer | D53: Bahan Baku | E53: Kg | F53: Keluar | G53: 18 | I53: Gudang Utama
A54: 2024-01-30 | B54: BB-002 | C54: Resin Polimer | D54: Bahan Baku | E54: Kg | F54: Masuk | G54: 53 | H54: 23889 | I54: Gudang Utama
A55: 2024-01-31 | B55: BB-002 | C55: Resin Polimer | D55: Bahan Baku | E55: Kg | F55: Masuk | G55: 149 | H55: 26438 | I55: Gudang Utama
A56: 2024-02-02 | B56: BB-002 | C56: Resin Polimer | D56: Bahan Baku | E56: Kg | F56: Keluar | G56: 32 | I56: Gudang Utama
A57: 2024-02-06 | B57: BB-002 | C57: Resin Polimer | D57: Bahan Baku | E57: Kg | F57: Keluar | G57: 86 | I57: Gudang Utama
A58: 2024-02-07 | B58: BB-002 | C58: Resin Polimer | D58: Bahan Baku | E58: Kg | F58: Keluar | G58: 78 | I58: Gudang Utama
A59: 2024-02-12 | B59: BB-002 | C59: Resin Polimer | D59: Bahan Baku | E59: Kg | F59: Keluar | G59: 21 | I59: Gudang Utama
A60: 2024-02-16 | B60: BB-002 | C60: Resin Polimer | D60: Bahan Baku | E60: Kg | F60: Keluar | G60: 87 | I60: Gudang Utama
A61: 2024-02-21 | B61: BB-002 | C61: Resin Polimer | D61: Bahan Baku | E61: Kg | F61: Keluar | G61: 109 | I61: Gudang Utama
A62: 2024-02-27 | B62: BB-002 | C62: Resin Polimer | D62: Bahan Baku | E62: Kg | F62: Keluar | G62: 26 | I62: Gudang Utama
A63: 2024-03-02 | B63: BB-002 | C63: Resin Polimer | D63: Bahan Baku | E63: Kg | F63: Masuk | G63: 114 | H63: 23355 | I63: Gudang Utama
A64: 2024-03-08 | B64: BB-002 | C64: Resin Polimer | D64: Bahan Baku | E64: Kg | F64: Keluar | G64: 39 | I64: Gudang Utama
A65: 2024-03-12 | B65: BB-002 | C65: Resin Polimer | D65: Bahan Baku | E65: Kg | F65: Keluar | G65: 58 | I65: Gudang Utama
A66: 2024-03-15 | B66: BB-002 | C66: Resin Polimer | D66: Bahan Baku | E66: Kg | F66: Masuk | G66: 170 | H66: 27719 | I66: Gudang Utama
A67: 2024-03-16 | B67: BB-002 | C67: Resin Polimer | D67: Bahan Baku | E67: Kg | F67: Masuk | G67: 85 | H67: 26908 | I67: Gudang Utama
A68: 2024-03-18 | B68: BB-002 | C68: Resin Polimer | D68: Bahan Baku | E68: Kg | F68: Keluar | G68: 20 | I68: Gudang Utama
A69: 2024-03-21 | B69: BB-002 | C69: Resin Polimer | D69: Bahan Baku | E69: Kg | F69: Keluar | G69: 79 | I69: Gudang Utama
A70: 2024-03-25 | B70: BB-002 | C70: Resin Polimer | D70: Bahan Baku | E70: Kg | F70: Masuk | G70: 21 | H70: 23058 | I70: Gudang Utama
A71: 2024-03-30 | B71: BB-002 | C71: Resin Polimer | D71: Bahan Baku | E71: Kg | F71: Keluar | G71: 76 | I71: Gudang Utama
A72: 2024-03-31 | B72: BB-002 | C72: Resin Polimer | D72: Bahan Baku | E72: Kg | F72: Masuk | G72: 72 | H72: 25587 | I72: Gudang Utama
A73: 2024-04-04 | B73: BB-002 | C73: Resin Polimer | D73: Bahan Baku | E73: Kg | F73: Masuk | G73: 59 | H73: 26490 | I73: Gudang Utama
A74: 2024-04-10 | B74: BB-002 | C74: Resin Polimer | D74: Bahan Baku | E74: Kg | F74: Keluar | G74: 43 | I74: Gudang Utama
A75: 2024-04-15 | B75: BB-002 | C75: Resin Polimer | D75: Bahan Baku | E75: Kg | F75: Masuk | G75: 113 | H75: 25257 | I75: Gudang Utama
A76: 2024-04-21 | B76: BB-002 | C76: Resin Polimer | D76: Bahan Baku | E76: Kg | F76: Masuk | G76: 72 | H76: 26385 | I76: Gudang Utama
A77: 2024-04-26 | B77: BB-002 | C77: Resin Polimer | D77: Bahan Baku | E77: Kg | F77: Keluar | G77: 71 | I77: Gudang Utama
A78: 2024-04-28 | B78: BB-002 | C78: Resin Polimer | D78: Bahan Baku | E78: Kg | F78: Masuk | G78: 162 | H78: 26962 | I78: Gudang Utama
A79: 2024-05-01 | B79: BB-002 | C79: Resin Polimer | D79: Bahan Baku | E79: Kg | F79: Keluar | G79: 83 | I79: Gudang Utama
A80: 2024-05-04 | B80: BB-002 | C80: Resin Polimer | D80: Bahan Baku | E80: Kg | F80: Keluar | G80: 60 | I80: Gudang Utama
A81: 2024-05-10 | B81: BB-002 | C81: Resin Polimer | D81: Bahan Baku | E81: Kg | F81: Masuk | G81: 188 | H81: 23975 | I81: Gudang Utama
A82: 2024-05-16 | B82: BB-002 | C82: Resin Polimer | D82: Bahan Baku | E82: Kg | F82: Masuk | G82: 199 | H82: 24325 | I82: Gudang Utama
A83: 2024-05-17 | B83: BB-002 | C83: Resin Polimer | D83: Bahan Baku | E83: Kg | F83: Masuk | G83: 122 | H83: 25772 | I83: Gudang Utama
A84: 2024-05-22 | B84: BB-002 | C84: Resin Polimer | D84: Bahan Baku | E84: Kg | F84: Keluar | G84: 97 | I84: Gudang Utama
A85: 2024-05-28 | B85: BB-002 | C85: Resin Polimer | D85: Bahan Baku | E85: Kg | F85: Masuk | G85: 119 | H85: 23043 | I85: Gudang Utama
A86: 2024-05-29 | B86: BB-002 | C86: Resin Polimer | D86: Bahan Baku | E86: Kg | F86: Keluar | G86: 70 | I86: Gudang Utama
A87: 2024-06-03 | B87: BB-002 | C87: Resin Polimer | D87: Bahan Baku | E87: Kg | F87: Masuk | G87: 36 | H87: 25155 | I87: Gudang Utama
A88: 2024-06-05 | B88: BB-002 | C88: Resin Polimer | D88: Bahan Baku | E88: Kg | F88: Masuk | G88: 175 | H88: 23309 | I88: Gudang Utama
A89: 2024-06-11 | B89: BB-002 | C89: Resin Polimer | D89: Bahan Baku | E89: Kg | F89: Masuk | G89: 122 | H89: 27268 | I89: Gudang Utama
A90: 2024-06-14 | B90: BB-002 | C90: Resin Polimer | D90: Bahan Baku | E90: Kg | F90: Keluar | G90: 86 | I90: Gudang Utama
A91: 2024-06-15 | B91: BB-002 | C91: Resin Polimer | D91: Bahan Baku | E91: Kg | F91: Keluar | G91: 114 | I91: Gudang Utama
A92: 2024-06-17 | B92: BB-002 | C92: Resin Polimer | D92: Bahan Baku | E92: Kg | F92: Keluar | G92: 66 | I92: Gudang Utama
A93: 2024-06-18 | B93: BB-002 | C93: Resin Polimer | D93: Bahan Baku | E93: Kg | F93: Masuk | G93: 188 | H93: 27244 | I93: Gudang Utama
A94: 2024-06-21 | B94: BB-002 | C94: Resin Polimer | D94: Bahan Baku | E94: Kg | F94: Masuk | G94: 173 | H94: 27182 | I94: Gudang Utama
A95: 2024-06-26 | B95: BB-002 | C95: Resin Polimer | D95: Bahan Baku | E95: Kg | F95: Keluar | G95: 88 | I95: Gudang Utama
A96: 2024-06-28 | B96: BB-002 | C96: Resin Polimer | D96: Bahan Baku | E96: Kg | F96: Keluar | G96: 56 | I96: Gudang Utama
A97: 2024-01-07 | B97: CH-001 | C97: Cat Epoxy | D97: Kimia | E97: Liter | F97: Masuk | G97: 156 | H97: 25536 | I97: Gudang Utama
A98: 2024-01-10 | B98: CH-001 | C98: Cat Epoxy | D98: Kimia | E98: Liter | F98: Keluar | G98: 39 | I98: Gudang Utama
A99: 2024-01-11 | B99: CH-001 | C99: Cat Epoxy | D99: Kimia | E99: Liter | F99: Masuk | G99: 113 | H99: 26376 | I99: Gudang Utama
A100: 2024-01-14 | B100: CH-001 | C100: Cat Epoxy | D100: Kimia | E100: Liter | F100: Masuk | G100: 22 | H100: 23000 | I100: Gudang Utama
...

Sheet Latihan_Isi_Sendiri
A1: Tanggal | B1: Kode Barang | C1: Nama Barang | D1: Kategori | E1: Satuan | F1: Jenis Transaksi | G1: Qty | H1: Harga Beli/Unit (khusus Masuk) | I1: Gudang | J1: Saldo Stok Berjalan (Qty) | K1: Sisa Qty Layer Ini (per Tgl Laporan) | L1: Nilai Sisa Persediaan FIFO (Rp) | N1: Tanggal Laporan (acuan) >> | O1: 2024-12-31
A2: 2024-01-03 | B2: BB-001 | C2: Plat Baja 2mm | D2: Bahan Baku | E2: Kg | F2: Masuk | G2: 193 | H2: 18716 | I2: Gudang Utama | J2: =SUMIFS($G$2:G2,$B$2:B2,B2,$F$2:F2,"Masuk")-SUMIFS($G$2:G2,$B$2:B2,B2,$F$2:F2,"Keluar") -> 193 | K2: =IF(F2="Masuk",MAX(0,MIN(G2,SUMIFS($G$2:G2,$B$2:B2,B2,$F$2:F2,"Masuk")-SUMIFS($G$2:G2,$B$2:B2,B2,$F$2:F2,"Keluar"))),"") -> 193 | L2: =IF(F2="Masuk",K2*H2,"") -> 3612188
A3: 2024-01-07 | B3: BB-001 | C3: Plat Baja 2mm | D3: Bahan Baku | E3: Kg | F3: Keluar | G3: 55 | I3: Gudang Utama
A4: 2024-01-10 | B4: BB-001 | C4: Plat Baja 2mm | D4: Bahan Baku | E4: Kg | F4: Keluar | G4: 23 | I4: Gudang Utama
A5: 2024-01-12 | B5: BB-001 | C5: Plat Baja 2mm | D5: Bahan Baku | E5: Kg | F5: Keluar | G5: 20 | I5: Gudang Utama
A6: 2024-01-15 | B6: BB-001 | C6: Plat Baja 2mm | D6: Bahan Baku | E6: Kg | F6: Keluar | G6: 27 | I6: Gudang Utama
A7: 2024-01-20 | B7: BB-001 | C7: Plat Baja 2mm | D7: Bahan Baku | E7: Kg | F7: Masuk | G7: 180 | H7: 16626 | I7: Gudang Utama
A8: 2024-01-26 | B8: BB-001 | C8: Plat Baja 2mm | D8: Bahan Baku | E8: Kg | F8: Masuk | G8: 24 | H8: 20154 | I8: Gudang Utama
A9: 2024-02-01 | B9: BB-001 | C9: Plat Baja 2mm | D9: Bahan Baku | E9: Kg | F9: Masuk | G9: 168 | H9: 20742 | I9: Gudang Utama
A10: 2024-02-05 | B10: BB-001 | C10: Plat Baja 2mm | D10: Bahan Baku | E10: Kg | F10: Keluar | G10: 37 | I10: Gudang Utama
A11: 2024-02-06 | B11: BB-001 | C11: Plat Baja 2mm | D11: Bahan Baku | E11: Kg | F11: Keluar | G11: 79 | I11: Gudang Utama
A12: 2024-02-11 | B12: BB-001 | C12: Plat Baja 2mm | D12: Bahan Baku | E12: Kg | F12: Keluar | G12: 109 | I12: Gudang Utama
A13: 2024-02-13 | B13: BB-001 | C13: Plat Baja 2mm | D13: Bahan Baku | E13: Kg | F13: Masuk | G13: 77 | H13: 20830 | I13: Gudang Utama
A14: 2024-02-19 | B14: BB-001 | C14: Plat Baja 2mm | D14: Bahan Baku | E14: Kg | F14: Keluar | G14: 27 | I14: Gudang Utama
A15: 2024-02-23 | B15: BB-001 | C15: Plat Baja 2mm | D15: Bahan Baku | E15: Kg | F15: Keluar | G15: 21 | I15: Gudang Utama
A16: 2024-02-27 | B16: BB-001 | C16: Plat Baja 2mm | D16: Bahan Baku | E16: Kg | F16: Masuk | G16: 22 | H16: 17956 | I16: Gudang Utama
A17: 2024-03-03 | B17: BB-001 | C17: Plat Baja 2mm | D17: Bahan Baku | E17: Kg | F17: Keluar | G17: 106 | I17: Gudang Utama
A18: 2024-03-08 | B18: BB-001 | C18: Plat Baja 2mm | D18: Bahan Baku | E18: Kg | F18: Masuk | G18: 60 | H18: 17467 | I18: Gudang Utama
A19: 2024-03-13 | B19: BB-001 | C19: Plat Baja 2mm | D19: Bahan Baku | E19: Kg | F19: Keluar | G19: 94 | I19: Gudang Utama
A20: 2024-03-15 | B20: BB-001 | C20: Plat Baja 2mm | D20: Bahan Baku | E20: Kg | F20: Keluar | G20: 71 | I20: Gudang Utama
A21: 2024-03-18 | B21: BB-001 | C21: Plat Baja 2mm | D21: Bahan Baku | E21: Kg | F21: Masuk | G21: 144 | H21: 17898 | I21: Gudang Utama
A22: 2024-03-19 | B22: BB-001 | C22: Plat Baja 2mm | D22: Bahan Baku | E22: Kg | F22: Masuk | G22: 79 | H22: 16350 | I22: Gudang Utama
A23: 2024-03-25 | B23: BB-001 | C23: Plat Baja 2mm | D23: Bahan Baku | E23: Kg | F23: Masuk | G23: 112 | H23: 19179 | I23: Gudang Utama
A24: 2024-03-29 | B24: BB-001 | C24: Plat Baja 2mm | D24: Bahan Baku | E24: Kg | F24: Keluar | G24: 15 | I24: Gudang Utama
A25: 2024-03-30 | B25: BB-001 | C25: Plat Baja 2mm | D25: Bahan Baku | E25: Kg | F25: Keluar | G25: 51 | I25: Gudang Utama
A26: 2024-03-31 | B26: BB-001 | C26: Plat Baja 2mm | D26: Bahan Baku | E26: Kg | F26: Keluar | G26: 76 | I26: Gudang Utama
A27: 2024-04-06 | B27: BB-001 | C27: Plat Baja 2mm | D27: Bahan Baku | E27: Kg | F27: Keluar | G27: 116 | I27: Gudang Utama
A28: 2024-04-12 | B28: BB-001 | C28: Plat Baja 2mm | D28: Bahan Baku | E28: Kg | F28: Masuk | G28: 159 | H28: 20670 | I28: Gudang Utama
A29: 2024-04-14 | B29: BB-001 | C29: Plat Baja 2mm | D29: Bahan Baku | E29: Kg | F29: Masuk | G29: 116 | H29: 18992 | I29: Gudang Utama
A30: 2024-04-19 | B30: BB-001 | C30: Plat Baja 2mm | D30: Bahan Baku | E30: Kg | F30: Keluar | G30: 116 | I30: Gudang Utama
A31: 2024-04-20 | B31: BB-001 | C31: Plat Baja 2mm | D31: Bahan Baku | E31: Kg | F31: Keluar | G31: 58 | I31: Gudang Utama
A32: 2024-04-22 | B32: BB-001 | C32: Plat Baja 2mm | D32: Bahan Baku | E32: Kg | F32: Keluar | G32: 55 | I32: Gudang Utama
A33: 2024-04-25 | B33: BB-001 | C33: Plat Baja 2mm | D33: Bahan Baku | E33: Kg | F33: Keluar | G33: 71 | I33: Gudang Utama
A34: 2024-04-30 | B34: BB-001 | C34: Plat Baja 2mm | D34: Bahan Baku | E34: Kg | F34: Masuk | G34: 55 | H34: 19603 | I34: Gudang Utama
A35: 2024-05-02 | B35: BB-001 | C35: Plat Baja 2mm | D35: Bahan Baku | E35: Kg | F35: Masuk | G35: 151 | H35: 18300 | I35: Gudang Utama
A36: 2024-05-04 | B36: BB-001 | C36: Plat Baja 2mm | D36: Bahan Baku | E36: Kg | F36: Masuk | G36: 60 | H36: 18967 | I36: Gudang Utama
A37: 2024-05-09 | B37: BB-001 | C37: Plat Baja 2mm | D37: Bahan Baku | E37: Kg | F37: Keluar | G37: 25 | I37: Gudang Utama
A38: 2024-05-15 | B38: BB-001 | C38: Plat Baja 2mm | D38: Bahan Baku | E38: Kg | F38: Masuk | G38: 104 | H38: 16928 | I38: Gudang Utama
A39: 2024-05-19 | B39: BB-001 | C39: Plat Baja 2mm | D39: Bahan Baku | E39: Kg | F39: Keluar | G39: 71 | I39: Gudang Utama
A40: 2024-05-21 | B40: BB-001 | C40: Plat Baja 2mm | D40: Bahan Baku | E40: Kg | F40: Keluar | G40: 92 | I40: Gudang Utama
A41: 2024-05-25 | B41: BB-001 | C41: Plat Baja 2mm | D41: Bahan Baku | E41: Kg | F41: Masuk | G41: 31 | H41: 17047 | I41: Gudang Utama
A42: 2024-05-30 | B42: BB-001 | C42: Plat Baja 2mm | D42: Bahan Baku | E42: Kg | F42: Keluar | G42: 27 | I42: Gudang Utama
A43: 2024-06-05 | B43: BB-001 | C43: Plat Baja 2mm | D43: Bahan Baku | E43: Kg | F43: Keluar | G43: 83 | I43: Gudang Utama
A44: 2024-06-07 | B44: BB-001 | C44: Plat Baja 2mm | D44: Bahan Baku | E44: Kg | F44: Masuk | G44: 86 | H44: 17474 | I44: Gudang Utama
A45: 2024-06-12 | B45: BB-001 | C45: Plat Baja 2mm | D45: Bahan Baku | E45: Kg | F45: Keluar | G45: 86 | I45: Gudang Utama
A46: 2024-06-17 | B46: BB-001 | C46: Plat Baja 2mm | D46: Bahan Baku | E46: Kg | F46: Keluar | G46: 102 | I46: Gudang Utama
A47: 2024-01-04 | B47: BB-002 | C47: Resin Polimer | D47: Bahan Baku | E47: Kg | F47: Masuk | G47: 41 | H47: 24774 | I47: Gudang Utama
A48: 2024-01-08 | B48: BB-002 | C48: Resin Polimer | D48: Bahan Baku | E48: Kg | F48: Keluar | G48: 40 | I48: Gudang Utama
A49: 2024-01-12 | B49: BB-002 | C49: Resin Polimer | D49: Bahan Baku | E49: Kg | F49: Masuk | G49: 63 | H49: 24797 | I49: Gudang Utama
A50: 2024-01-16 | B50: BB-002 | C50: Resin Polimer | D50: Bahan Baku | E50: Kg | F50: Keluar | G50: 60 | I50: Gudang Utama
A51: 2024-01-21 | B51: BB-002 | C51: Resin Polimer | D51: Bahan Baku | E51: Kg | F51: Masuk | G51: 66 | H51: 27184 | I51: Gudang Utama
A52: 2024-01-24 | B52: BB-002 | C52: Resin Polimer | D52: Bahan Baku | E52: Kg | F52: Masuk | G52: 195 | H52: 25807 | I52: Gudang Utama
A53: 2024-01-28 | B53: BB-002 | C53: Resin Polimer | D53: Bahan Baku | E53: Kg | F53: Keluar | G53: 18 | I53: Gudang Utama
A54: 2024-01-30 | B54: BB-002 | C54: Resin Polimer | D54: Bahan Baku | E54: Kg | F54: Masuk | G54: 53 | H54: 23889 | I54: Gudang Utama
A55: 2024-01-31 | B55: BB-002 | C55: Resin Polimer | D55: Bahan Baku | E55: Kg | F55: Masuk | G55: 149 | H55: 26438 | I55: Gudang Utama
A56: 2024-02-02 | B56: BB-002 | C56: Resin Polimer | D56: Bahan Baku | E56: Kg | F56: Keluar | G56: 32 | I56: Gudang Utama
A57: 2024-02-06 | B57: BB-002 | C57: Resin Polimer | D57: Bahan Baku | E57: Kg | F57: Keluar | G57: 86 | I57: Gudang Utama
A58: 2024-02-07 | B58: BB-002 | C58: Resin Polimer | D58: Bahan Baku | E58: Kg | F58: Keluar | G58: 78 | I58: Gudang Utama
A59: 2024-02-12 | B59: BB-002 | C59: Resin Polimer | D59: Bahan Baku | E59: Kg | F59: Keluar | G59: 21 | I59: Gudang Utama
A60: 2024-02-16 | B60: BB-002 | C60: Resin Polimer | D60: Bahan Baku | E60: Kg | F60: Keluar | G60: 87 | I60: Gudang Utama
A61: 2024-02-21 | B61: BB-002 | C61: Resin Polimer | D61: Bahan Baku | E61: Kg | F61: Keluar | G61: 109 | I61: Gudang Utama
A62: 2024-02-27 | B62: BB-002 | C62: Resin Polimer | D62: Bahan Baku | E62: Kg | F62: Keluar | G62: 26 | I62: Gudang Utama
A63: 2024-03-02 | B63: BB-002 | C63: Resin Polimer | D63: Bahan Baku | E63: Kg | F63: Masuk | G63: 114 | H63: 23355 | I63: Gudang Utama
A64: 2024-03-08 | B64: BB-002 | C64: Resin Polimer | D64: Bahan Baku | E64: Kg | F64: Keluar | G64: 39 | I64: Gudang Utama
A65: 2024-03-12 | B65: BB-002 | C65: Resin Polimer | D65: Bahan Baku | E65: Kg | F65: Keluar | G65: 58 | I65: Gudang Utama
A66: 2024-03-15 | B66: BB-002 | C66: Resin Polimer | D66: Bahan Baku | E66: Kg | F66: Masuk | G66: 170 | H66: 27719 | I66: Gudang Utama
A67: 2024-03-16 | B67: BB-002 | C67: Resin Polimer | D67: Bahan Baku | E67: Kg | F67: Masuk | G67: 85 | H67: 26908 | I67: Gudang Utama
A68: 2024-03-18 | B68: BB-002 | C68: Resin Polimer | D68: Bahan Baku | E68: Kg | F68: Keluar | G68: 20 | I68: Gudang Utama
A69: 2024-03-21 | B69: BB-002 | C69: Resin Polimer | D69: Bahan Baku | E69: Kg | F69: Keluar | G69: 79 | I69: Gudang Utama
A70: 2024-03-25 | B70: BB-002 | C70: Resin Polimer | D70: Bahan Baku | E70: Kg | F70: Masuk | G70: 21 | H70: 23058 | I70: Gudang Utama
A71: 2024-03-30 | B71: BB-002 | C71: Resin Polimer | D71: Bahan Baku | E71: Kg | F71: Keluar | G71: 76 | I71: Gudang Utama
A72: 2024-03-31 | B72: BB-002 | C72: Resin Polimer | D72: Bahan Baku | E72: Kg | F72: Masuk | G72: 72 | H72: 25587 | I72: Gudang Utama
A73: 2024-04-04 | B73: BB-002 | C73: Resin Polimer | D73: Bahan Baku | E73: Kg | F73: Masuk | G73: 59 | H73: 26490 | I73: Gudang Utama
A74: 2024-04-10 | B74: BB-002 | C74: Resin Polimer | D74: Bahan Baku | E74: Kg | F74: Keluar | G74: 43 | I74: Gudang Utama
A75: 2024-04-15 | B75: BB-002 | C75: Resin Polimer | D75: Bahan Baku | E75: Kg | F75: Masuk | G75: 113 | H75: 25257 | I75: Gudang Utama
A76: 2024-04-21 | B76: BB-002 | C76: Resin Polimer | D76: Bahan Baku | E76: Kg | F76: Masuk | G76: 72 | H76: 26385 | I76: Gudang Utama
A77: 2024-04-26 | B77: BB-002 | C77: Resin Polimer | D77: Bahan Baku | E77: Kg | F77: Keluar | G77: 71 | I77: Gudang Utama
A78: 2024-04-28 | B78: BB-002 | C78: Resin Polimer | D78: Bahan Baku | E78: Kg | F78: Masuk | G78: 162 | H78: 26962 | I78: Gudang Utama
A79: 2024-05-01 | B79: BB-002 | C79: Resin Polimer | D79: Bahan Baku | E79: Kg | F79: Keluar | G79: 83 | I79: Gudang Utama
A80: 2024-05-04 | B80: BB-002 | C80: Resin Polimer | D80: Bahan Baku | E80: Kg | F80: Keluar | G80: 60 | I80: Gudang Utama
A81: 2024-05-10 | B81: BB-002 | C81: Resin Polimer | D81: Bahan Baku | E81: Kg | F81: Masuk | G81: 188 | H81: 23975 | I81: Gudang Utama
A82: 2024-05-16 | B82: BB-002 | C82: Resin Polimer | D82: Bahan Baku | E82: Kg | F82: Masuk | G82: 199 | H82: 24325 | I82: Gudang Utama
A83: 2024-05-17 | B83: BB-002 | C83: Resin Polimer | D83: Bahan Baku | E83: Kg | F83: Masuk | G83: 122 | H83: 25772 | I83: Gudang Utama
A84: 2024-05-22 | B84: BB-002 | C84: Resin Polimer | D84: Bahan Baku | E84: Kg | F84: Keluar | G84: 97 | I84: Gudang Utama
A85: 2024-05-28 | B85: BB-002 | C85: Resin Polimer | D85: Bahan Baku | E85: Kg | F85: Masuk | G85: 119 | H85: 23043 | I85: Gudang Utama
A86: 2024-05-29 | B86: BB-002 | C86: Resin Polimer | D86: Bahan Baku | E86: Kg | F86: Keluar | G86: 70 | I86: Gudang Utama
A87: 2024-06-03 | B87: BB-002 | C87: Resin Polimer | D87: Bahan Baku | E87: Kg | F87: Masuk | G87: 36 | H87: 25155 | I87: Gudang Utama
A88: 2024-06-05 | B88: BB-002 | C88: Resin Polimer | D88: Bahan Baku | E88: Kg | F88: Masuk | G88: 175 | H88: 23309 | I88: Gudang Utama
A89: 2024-06-11 | B89: BB-002 | C89: Resin Polimer | D89: Bahan Baku | E89: Kg | F89: Masuk | G89: 122 | H89: 27268 | I89: Gudang Utama
A90: 2024-06-14 | B90: BB-002 | C90: Resin Polimer | D90: Bahan Baku | E90: Kg | F90: Keluar | G90: 86 | I90: Gudang Utama
A91: 2024-06-15 | B91: BB-002 | C91: Resin Polimer | D91: Bahan Baku | E91: Kg | F91: Keluar | G91: 114 | I91: Gudang Utama
A92: 2024-06-17 | B92: BB-002 | C92: Resin Polimer | D92: Bahan Baku | E92: Kg | F92: Keluar | G92: 66 | I92: Gudang Utama
A93: 2024-06-18 | B93: BB-002 | C93: Resin Polimer | D93: Bahan Baku | E93: Kg | F93: Masuk | G93: 188 | H93: 27244 | I93: Gudang Utama
A94: 2024-06-21 | B94: BB-002 | C94: Resin Polimer | D94: Bahan Baku | E94: Kg | F94: Masuk | G94: 173 | H94: 27182 | I94: Gudang Utama
A95: 2024-06-26 | B95: BB-002 | C95: Resin Polimer | D95: Bahan Baku | E95: Kg | F95: Keluar | G95: 88 | I95: Gudang Utama
A96: 2024-06-28 | B96: BB-002 | C96: Resin Polimer | D96: Bahan Baku | E96: Kg | F96: Keluar | G96: 56 | I96: Gudang Utama
A97: 2024-01-07 | B97: CH-001 | C97: Cat Epoxy | D97: Kimia | E97: Liter | F97: Masuk | G97: 156 | H97: 25536 | I97: Gudang Utama
A98: 2024-01-10 | B98: CH-001 | C98: Cat Epoxy | D98: Kimia | E98: Liter | F98: Keluar | G98: 39 | I98: Gudang Utama
A99: 2024-01-11 | B99: CH-001 | C99: Cat Epoxy | D99: Kimia | E99: Liter | F99: Masuk | G99: 113 | H99: 26376 | I99: Gudang Utama
A100: 2024-01-14 | B100: CH-001 | C100: Cat Epoxy | D100: Kimia | E100: Liter | F100: Masuk | G100: 22 | H100: 23000 | I100: Gudang Utama
...

Sheet Kunci_Jawaban
A1: Tanggal | B1: Kode Barang | C1: Nama Barang | D1: Kategori | E1: Satuan | F1: Jenis Transaksi | G1: Qty | H1: Harga Beli/Unit (khusus Masuk) | I1: Gudang | J1: Saldo Stok Berjalan (Qty) | K1: Sisa Qty Layer Ini (per Tgl Laporan) | L1: Nilai Sisa Persediaan FIFO (Rp) | N1: Tanggal Laporan (acuan) >> | O1: 2024-12-31
A2: 2024-01-03 | B2: BB-001 | C2: Plat Baja 2mm | D2: Bahan Baku | E2: Kg | F2: Masuk | G2: 193 | H2: 18716 | I2: Gudang Utama | J2: =SUMIFS($G$2:G2,$B$2:B2,B2,$F$2:F2,"Masuk")-SUMIFS($G$2:G2,$B$2:B2,B2,$F$2:F2,"Keluar") -> 193 | K2: =IF(F2="Masuk",MAX(0,MIN(G2,SUMIFS($G$2:G2,$B$2:B2,B2,$F$2:F2,"Masuk")-SUMIFS($G$2:G2,$B$2:B2,B2,$F$2:F2,"Keluar"))),"") -> 193 | L2: =IF(F2="Masuk",K2*H2,"") -> 3612188
A3: 2024-01-07 | B3: BB-001 | C3: Plat Baja 2mm | D3: Bahan Baku | E3: Kg | F3: Keluar | G3: 55 | I3: Gudang Utama | J3: =SUMIFS($G$2:G3,$B$2:B3,B3,$F$2:F3,"Masuk")-SUMIFS($G$2:G3,$B$2:B3,B3,$F$2:F3,"Keluar") -> 138 | K3: =IF(F3="Masuk",MAX(0,MIN(G3,SUMIFS($G$2:G3,$B$2:B3,B3,$F$2:F3,"Masuk")-SUMIFS($G$2:G3,$B$2:B3,B3,$F$2:F3,"Keluar"))),"") | L3: =IF(F3="Masuk",K3*H3,"")
A4: 2024-01-10 | B4: BB-001 | C4: Plat Baja 2mm | D4: Bahan Baku | E4: Kg | F4: Keluar | G4: 23 | I4: Gudang Utama | J4: =SUMIFS($G$2:G4,$B$2:B4,B4,$F$2:F4,"Masuk")-SUMIFS($G$2:G4,$B$2:B4,B4,$F$2:F4,"Keluar") -> 115 | K4: =IF(F4="Masuk",MAX(0,MIN(G4,SUMIFS($G$2:G4,$B$2:B4,B4,$F$2:F4,"Masuk")-SUMIFS($G$2:G4,$B$2:B4,B4,$F$2:F4,"Keluar"))),"") | L4: =IF(F4="Masuk",K4*H4,"")
A5: 2024-01-12 | B5: BB-001 | C5: Plat Baja 2mm | D5: Bahan Baku | E5: Kg | F5: Keluar | G5: 20 | I5: Gudang Utama | J5: =SUMIFS($G$2:G5,$B$2:B5,B5,$F$2:F5,"Masuk")-SUMIFS($G$2:G5,$B$2:B5,B5,$F$2:F5,"Keluar") -> 95 | K5: =IF(F5="Masuk",MAX(0,MIN(G5,SUMIFS($G$2:G5,$B$2:B5,B5,$F$2:F5,"Masuk")-SUMIFS($G$2:G5,$B$2:B5,B5,$F$2:F5,"Keluar"))),"") | L5: =IF(F5="Masuk",K5*H5,"")
A6: 2024-01-15 | B6: BB-001 | C6: Plat Baja 2mm | D6: Bahan Baku | E6: Kg | F6: Keluar | G6: 27 | I6: Gudang Utama | J6: =SUMIFS($G$2:G6,$B$2:B6,B6,$F$2:F6,"Masuk")-SUMIFS($G$2:G6,$B$2:B6,B6,$F$2:F6,"Keluar") -> 68 | K6: =IF(F6="Masuk",MAX(0,MIN(G6,SUMIFS($G$2:G6,$B$2:B6,B6,$F$2:F6,"Masuk")-SUMIFS($G$2:G6,$B$2:B6,B6,$F$2:F6,"Keluar"))),"") | L6: =IF(F6="Masuk",K6*H6,"")
A7: 2024-01-20 | B7: BB-001 | C7: Plat Baja 2mm | D7: Bahan Baku | E7: Kg | F7: Masuk | G7: 180 | H7: 16626 | I7: Gudang Utama | J7: =SUMIFS($G$2:G7,$B$2:B7,B7,$F$2:F7,"Masuk")-SUMIFS($G$2:G7,$B$2:B7,B7,$F$2:F7,"Keluar") -> 248 | K7: =IF(F7="Masuk",MAX(0,MIN(G7,SUMIFS($G$2:G7,$B$2:B7,B7,$F$2:F7,"Masuk")-SUMIFS($G$2:G7,$B$2:B7,B7,$F$2:F7,"Keluar"))),"") -> 180 | L7: =IF(F7="Masuk",K7*H7,"") -> 2992680
A8: 2024-01-26 | B8: BB-001 | C8: Plat Baja 2mm | D8: Bahan Baku | E8: Kg | F8: Masuk | G8: 24 | H8: 20154 | I8: Gudang Utama | J8: =SUMIFS($G$2:G8,$B$2:B8,B8,$F$2:F8,"Masuk")-SUMIFS($G$2:G8,$B$2:B8,B8,$F$2:F8,"Keluar") -> 272 | K8: =IF(F8="Masuk",MAX(0,MIN(G8,SUMIFS($G$2:G8,$B$2:B8,B8,$F$2:F8,"Masuk")-SUMIFS($G$2:G8,$B$2:B8,B8,$F$2:F8,"Keluar"))),"") -> 24 | L8: =IF(F8="Masuk",K8*H8,"") -> 483696
A9: 2024-02-01 | B9: BB-001 | C9: Plat Baja 2mm | D9: Bahan Baku | E9: Kg | F9: Masuk | G9: 168 | H9: 20742 | I9: Gudang Utama | J9: =SUMIFS($G$2:G9,$B$2:B9,B9,$F$2:F9,"Masuk")-SUMIFS($G$2:G9,$B$2:B9,B9,$F$2:F9,"Keluar") -> 440 | K9: =IF(F9="Masuk",MAX(0,MIN(G9,SUMIFS($G$2:G9,$B$2:B9,B9,$F$2:F9,"Masuk")-SUMIFS($G$2:G9,$B$2:B9,B9,$F$2:F9,"Keluar"))),"") -> 168 | L9: =IF(F9="Masuk",K9*H9,"") -> 3484656
A10: 2024-02-05 | B10: BB-001 | C10: Plat Baja 2mm | D10: Bahan Baku | E10: Kg | F10: Keluar | G10: 37 | I10: Gudang Utama | J10: =SUMIFS($G$2:G10,$B$2:B10,B10,$F$2:F10,"Masuk")-SUMIFS($G$2:G10,$B$2:B10,B10,$F$2:F10,"Keluar") -> 403 | K10: =IF(F10="Masuk",MAX(0,MIN(G10,SUMIFS($G$2:G10,$B$2:B10,B10,$F$2:F10,"Masuk")-SUMIFS($G$2:G10,$B$2:B10,B10,$F$2:F10,"Keluar"))),"") | L10: =IF(F10="Masuk",K10*H10,"")
A11: 2024-02-06 | B11: BB-001 | C11: Plat Baja 2mm | D11: Bahan Baku | E11: Kg | F11: Keluar | G11: 79 | I11: Gudang Utama | J11: =SUMIFS($G$2:G11,$B$2:B11,B11,$F$2:F11,"Masuk")-SUMIFS($G$2:G11,$B$2:B11,B11,$F$2:F11,"Keluar") -> 324 | K11: =IF(F11="Masuk",MAX(0,MIN(G11,SUMIFS($G$2:G11,$B$2:B11,B11,$F$2:F11,"Masuk")-SUMIFS($G$2:G11,$B$2:B11,B11,$F$2:F11,"Keluar"))),"") | L11: =IF(F11="Masuk",K11*H11,"")
A12: 2024-02-11 | B12: BB-001 | C12: Plat Baja 2mm | D12: Bahan Baku | E12: Kg | F12: Keluar | G12: 109 | I12: Gudang Utama | J12: =SUMIFS($G$2:G12,$B$2:B12,B12,$F$2:F12,"Masuk")-SUMIFS($G$2:G12,$B$2:B12,B12,$F$2:F12,"Keluar") -> 215 | K12: =IF(F12="Masuk",MAX(0,MIN(G12,SUMIFS($G$2:G12,$B$2:B12,B12,$F$2:F12,"Masuk")-SUMIFS($G$2:G12,$B$2:B12,B12,$F$2:F12,"Keluar"))),"") | L12: =IF(F12="Masuk",K12*H12,"")
A13: 2024-02-13 | B13: BB-001 | C13: Plat Baja 2mm | D13: Bahan Baku | E13: Kg | F13: Masuk | G13: 77 | H13: 20830 | I13: Gudang Utama | J13: =SUMIFS($G$2:G13,$B$2:B13,B13,$F$2:F13,"Masuk")-SUMIFS($G$2:G13,$B$2:B13,B13,$F$2:F13,"Keluar") -> 292 | K13: =IF(F13="Masuk",MAX(0,MIN(G13,SUMIFS($G$2:G13,$B$2:B13,B13,$F$2:F13,"Masuk")-SUMIFS($G$2:G13,$B$2:B13,B13,$F$2:F13,"Keluar"))),"") -> 77 | L13: =IF(F13="Masuk",K13*H13,"") -> 1603910
A14: 2024-02-19 | B14: BB-001 | C14: Plat Baja 2mm | D14: Bahan Baku | E14: Kg | F14: Keluar | G14: 27 | I14: Gudang Utama | J14: =SUMIFS($G$2:G14,$B$2:B14,B14,$F$2:F14,"Masuk")-SUMIFS($G$2:G14,$B$2:B14,B14,$F$2:F14,"Keluar") -> 265 | K14: =IF(F14="Masuk",MAX(0,MIN(G14,SUMIFS($G$2:G14,$B$2:B14,B14,$F$2:F14,"Masuk")-SUMIFS($G$2:G14,$B$2:B14,B14,$F$2:F14,"Keluar"))),"") | L14: =IF(F14="Masuk",K14*H14,"")
A15: 2024-02-23 | B15: BB-001 | C15: Plat Baja 2mm | D15: Bahan Baku | E15: Kg | F15: Keluar | G15: 21 | I15: Gudang Utama | J15: =SUMIFS($G$2:G15,$B$2:B15,B15,$F$2:F15,"Masuk")-SUMIFS($G$2:G15,$B$2:B15,B15,$F$2:F15,"Keluar") -> 244 | K15: =IF(F15="Masuk",MAX(0,MIN(G15,SUMIFS($G$2:G15,$B$2:B15,B15,$F$2:F15,"Masuk")-SUMIFS($G$2:G15,$B$2:B15,B15,$F$2:F15,"Keluar"))),"") | L15: =IF(F15="Masuk",K15*H15,"")
A16: 2024-02-27 | B16: BB-001 | C16: Plat Baja 2mm | D16: Bahan Baku | E16: Kg | F16: Masuk | G16: 22 | H16: 17956 | I16: Gudang Utama | J16: =SUMIFS($G$2:G16,$B$2:B16,B16,$F$2:F16,"Masuk")-SUMIFS($G$2:G16,$B$2:B16,B16,$F$2:F16,"Keluar") -> 266 | K16: =IF(F16="Masuk",MAX(0,MIN(G16,SUMIFS($G$2:G16,$B$2:B16,B16,$F$2:F16,"Masuk")-SUMIFS($G$2:G16,$B$2:B16,B16,$F$2:F16,"Keluar"))),"") -> 22 | L16: =IF(F16="Masuk",K16*H16,"") -> 395032
A17: 2024-03-03 | B17: BB-001 | C17: Plat Baja 2mm | D17: Bahan Baku | E17: Kg | F17: Keluar | G17: 106 | I17: Gudang Utama | J17: =SUMIFS($G$2:G17,$B$2:B17,B17,$F$2:F17,"Masuk")-SUMIFS($G$2:G17,$B$2:B17,B17,$F$2:F17,"Keluar") -> 160 | K17: =IF(F17="Masuk",MAX(0,MIN(G17,SUMIFS($G$2:G17,$B$2:B17,B17,$F$2:F17,"Masuk")-SUMIFS($G$2:G17,$B$2:B17,B17,$F$2:F17,"Keluar"))),"") | L17: =IF(F17="Masuk",K17*H17,"")
A18: 2024-03-08 | B18: BB-001 | C18: Plat Baja 2mm | D18: Bahan Baku | E18: Kg | F18: Masuk | G18: 60 | H18: 17467 | I18: Gudang Utama | J18: =SUMIFS($G$2:G18,$B$2:B18,B18,$F$2:F18,"Masuk")-SUMIFS($G$2:G18,$B$2:B18,B18,$F$2:F18,"Keluar") -> 220 | K18: =IF(F18="Masuk",MAX(0,MIN(G18,SUMIFS($G$2:G18,$B$2:B18,B18,$F$2:F18,"Masuk")-SUMIFS($G$2:G18,$B$2:B18,B18,$F$2:F18,"Keluar"))),"") -> 60 | L18: =IF(F18="Masuk",K18*H18,"") -> 1048020
A19: 2024-03-13 | B19: BB-001 | C19: Plat Baja 2mm | D19: Bahan Baku | E19: Kg | F19: Keluar | G19: 94 | I19: Gudang Utama | J19: =SUMIFS($G$2:G19,$B$2:B19,B19,$F$2:F19,"Masuk")-SUMIFS($G$2:G19,$B$2:B19,B19,$F$2:F19,"Keluar") -> 126 | K19: =IF(F19="Masuk",MAX(0,MIN(G19,SUMIFS($G$2:G19,$B$2:B19,B19,$F$2:F19,"Masuk")-SUMIFS($G$2:G19,$B$2:B19,B19,$F$2:F19,"Keluar"))),"") | L19: =IF(F19="Masuk",K19*H19,"")
A20: 2024-03-15 | B20: BB-001 | C20: Plat Baja 2mm | D20: Bahan Baku | E20: Kg | F20: Keluar | G20: 71 | I20: Gudang Utama | J20: =SUMIFS($G$2:G20,$B$2:B20,B20,$F$2:F20,"Masuk")-SUMIFS($G$2:G20,$B$2:B20,B20,$F$2:F20,"Keluar") -> 55 | K20: =IF(F20="Masuk",MAX(0,MIN(G20,SUMIFS($G$2:G20,$B$2:B20,B20,$F$2:F20,"Masuk")-SUMIFS($G$2:G20,$B$2:B20,B20,$F$2:F20,"Keluar"))),"") | L20: =IF(F20="Masuk",K20*H20,"")
A21: 2024-03-18 | B21: BB-001 | C21: Plat Baja 2mm | D21: Bahan Baku | E21: Kg | F21: Masuk | G21: 144 | H21: 17898 | I21: Gudang Utama | J21: =SUMIFS($G$2:G21,$B$2:B21,B21,$F$2:F21,"Masuk")-SUMIFS($G$2:G21,$B$2:B21,B21,$F$2:F21,"Keluar") -> 199 | K21: =IF(F21="Masuk",MAX(0,MIN(G21,SUMIFS($G$2:G21,$B$2:B21,B21,$F$2:F21,"Masuk")-SUMIFS($G$2:G21,$B$2:B21,B21,$F$2:F21,"Keluar"))),"") -> 144 | L21: =IF(F21="Masuk",K21*H21,"") -> 2577312
A22: 2024-03-19 | B22: BB-001 | C22: Plat Baja 2mm | D22: Bahan Baku | E22: Kg | F22: Masuk | G22: 79 | H22: 16350 | I22: Gudang Utama | J22: =SUMIFS($G$2:G22,$B$2:B22,B22,$F$2:F22,"Masuk")-SUMIFS($G$2:G22,$B$2:B22,B22,$F$2:F22,"Keluar") -> 278 | K22: =IF(F22="Masuk",MAX(0,MIN(G22,SUMIFS($G$2:G22,$B$2:B22,B22,$F$2:F22,"Masuk")-SUMIFS($G$2:G22,$B$2:B22,B22,$F$2:F22,"Keluar"))),"") -> 79 | L22: =IF(F22="Masuk",K22*H22,"") -> 1291650
A23: 2024-03-25 | B23: BB-001 | C23: Plat Baja 2mm | D23: Bahan Baku | E23: Kg | F23: Masuk | G23: 112 | H23: 19179 | I23: Gudang Utama | J23: =SUMIFS($G$2:G23,$B$2:B23,B23,$F$2:F23,"Masuk")-SUMIFS($G$2:G23,$B$2:B23,B23,$F$2:F23,"Keluar") -> 390 | K23: =IF(F23="Masuk",MAX(0,MIN(G23,SUMIFS($G$2:G23,$B$2:B23,B23,$F$2:F23,"Masuk")-SUMIFS($G$2:G23,$B$2:B23,B23,$F$2:F23,"Keluar"))),"") -> 112 | L23: =IF(F23="Masuk",K23*H23,"") -> 2148048
A24: 2024-03-29 | B24: BB-001 | C24: Plat Baja 2mm | D24: Bahan Baku | E24: Kg | F24: Keluar | G24: 15 | I24: Gudang Utama | J24: =SUMIFS($G$2:G24,$B$2:B24,B24,$F$2:F24,"Masuk")-SUMIFS($G$2:G24,$B$2:B24,B24,$F$2:F24,"Keluar") -> 375 | K24: =IF(F24="Masuk",MAX(0,MIN(G24,SUMIFS($G$2:G24,$B$2:B24,B24,$F$2:F24,"Masuk")-SUMIFS($G$2:G24,$B$2:B24,B24,$F$2:F24,"Keluar"))),"") | L24: =IF(F24="Masuk",K24*H24,"")
A25: 2024-03-30 | B25: BB-001 | C25: Plat Baja 2mm | D25: Bahan Baku | E25: Kg | F25: Keluar | G25: 51 | I25: Gudang Utama | J25: =SUMIFS($G$2:G25,$B$2:B25,B25,$F$2:F25,"Masuk")-SUMIFS($G$2:G25,$B$2:B25,B25,$F$2:F25,"Keluar") -> 324 | K25: =IF(F25="Masuk",MAX(0,MIN(G25,SUMIFS($G$2:G25,$B$2:B25,B25,$F$2:F25,"Masuk")-SUMIFS($G$2:G25,$B$2:B25,B25,$F$2:F25,"Keluar"))),"") | L25: =IF(F25="Masuk",K25*H25,"")
A26: 2024-03-31 | B26: BB-001 | C26: Plat Baja 2mm | D26: Bahan Baku | E26: Kg | F26: Keluar | G26: 76 | I26: Gudang Utama | J26: =SUMIFS($G$2:G26,$B$2:B26,B26,$F$2:F26,"Masuk")-SUMIFS($G$2:G26,$B$2:B26,B26,$F$2:F26,"Keluar") -> 248 | K26: =IF(F26="Masuk",MAX(0,MIN(G26,SUMIFS($G$2:G26,$B$2:B26,B26,$F$2:F26,"Masuk")-SUMIFS($G$2:G26,$B$2:B26,B26,$F$2:F26,"Keluar"))),"") | L26: =IF(F26="Masuk",K26*H26,"")
A27: 2024-04-06 | B27: BB-001 | C27: Plat Baja 2mm | D27: Bahan Baku | E27: Kg | F27: Keluar | G27: 116 | I27: Gudang Utama | J27: =SUMIFS($G$2:G27,$B$2:B27,B27,$F$2:F27,"Masuk")-SUMIFS($G$2:G27,$B$2:B27,B27,$F$2:F27,"Keluar") -> 132 | K27: =IF(F27="Masuk",MAX(0,MIN(G27,SUMIFS($G$2:G27,$B$2:B27,B27,$F$2:F27,"Masuk")-SUMIFS($G$2:G27,$B$2:B27,B27,$F$2:F27,"Keluar"))),"") | L27: =IF(F27="Masuk",K27*H27,"")
A28: 2024-04-12 | B28: BB-001 | C28: Plat Baja 2mm | D28: Bahan Baku | E28: Kg | F28: Masuk | G28: 159 | H28: 20670 | I28: Gudang Utama | J28: =SUMIFS($G$2:G28,$B$2:B28,B28,$F$2:F28,"Masuk")-SUMIFS($G$2:G28,$B$2:B28,B28,$F$2:F28,"Keluar") -> 291 | K28: =IF(F28="Masuk",MAX(0,MIN(G28,SUMIFS($G$2:G28,$B$2:B28,B28,$F$2:F28,"Masuk")-SUMIFS($G$2:G28,$B$2:B28,B28,$F$2:F28,"Keluar"))),"") -> 159 | L28: =IF(F28="Masuk",K28*H28,"") -> 3286530
A29: 2024-04-14 | B29: BB-001 | C29: Plat Baja 2mm | D29: Bahan Baku | E29: Kg | F29: Masuk | G29: 116 | H29: 18992 | I29: Gudang Utama | J29: =SUMIFS($G$2:G29,$B$2:B29,B29,$F$2:F29,"Masuk")-SUMIFS($G$2:G29,$B$2:B29,B29,$F$2:F29,"Keluar") -> 407 | K29: =IF(F29="Masuk",MAX(0,MIN(G29,SUMIFS($G$2:G29,$B$2:B29,B29,$F$2:F29,"Masuk")-SUMIFS($G$2:G29,$B$2:B29,B29,$F$2:F29,"Keluar"))),"") -> 116 | L29: =IF(F29="Masuk",K29*H29,"") -> 2203072
A30: 2024-04-19 | B30: BB-001 | C30: Plat Baja 2mm | D30: Bahan Baku | E30: Kg | F30: Keluar | G30: 116 | I30: Gudang Utama | J30: =SUMIFS($G$2:G30,$B$2:B30,B30,$F$2:F30,"Masuk")-SUMIFS($G$2:G30,$B$2:B30,B30,$F$2:F30,"Keluar") -> 291 | K30: =IF(F30="Masuk",MAX(0,MIN(G30,SUMIFS($G$2:G30,$B$2:B30,B30,$F$2:F30,"Masuk")-SUMIFS($G$2:G30,$B$2:B30,B30,$F$2:F30,"Keluar"))),"") | L30: =IF(F30="Masuk",K30*H30,"")
A31: 2024-04-20 | B31: BB-001 | C31: Plat Baja 2mm | D31: Bahan Baku | E31: Kg | F31: Keluar | G31: 58 | I31: Gudang Utama | J31: =SUMIFS($G$2:G31,$B$2:B31,B31,$F$2:F31,"Masuk")-SUMIFS($G$2:G31,$B$2:B31,B31,$F$2:F31,"Keluar") -> 233 | K31: =IF(F31="Masuk",MAX(0,MIN(G31,SUMIFS($G$2:G31,$B$2:B31,B31,$F$2:F31,"Masuk")-SUMIFS($G$2:G31,$B$2:B31,B31,$F$2:F31,"Keluar"))),"") | L31: =IF(F31="Masuk",K31*H31,"")
A32: 2024-04-22 | B32: BB-001 | C32: Plat Baja 2mm | D32: Bahan Baku | E32: Kg | F32: Keluar | G32: 55 | I32: Gudang Utama | J32: =SUMIFS($G$2:G32,$B$2:B32,B32,$F$2:F32,"Masuk")-SUMIFS($G$2:G32,$B$2:B32,B32,$F$2:F32,"Keluar") -> 178 | K32: =IF(F32="Masuk",MAX(0,MIN(G32,SUMIFS($G$2:G32,$B$2:B32,B32,$F$2:F32,"Masuk")-SUMIFS($G$2:G32,$B$2:B32,B32,$F$2:F32,"Keluar"))),"") | L32: =IF(F32="Masuk",K32*H32,"")
A33: 2024-04-25 | B33: BB-001 | C33: Plat Baja 2mm | D33: Bahan Baku | E33: Kg | F33: Keluar | G33: 71 | I33: Gudang Utama | J33: =SUMIFS($G$2:G33,$B$2:B33,B33,$F$2:F33,"Masuk")-SUMIFS($G$2:G33,$B$2:B33,B33,$F$2:F33,"Keluar") -> 107 | K33: =IF(F33="Masuk",MAX(0,MIN(G33,SUMIFS($G$2:G33,$B$2:B33,B33,$F$2:F33,"Masuk")-SUMIFS($G$2:G33,$B$2:B33,B33,$F$2:F33,"Keluar"))),"") | L33: =IF(F33="Masuk",K33*H33,"")
A34: 2024-04-30 | B34: BB-001 | C34: Plat Baja 2mm | D34: Bahan Baku | E34: Kg | F34: Masuk | G34: 55 | H34: 19603 | I34: Gudang Utama | J34: =SUMIFS($G$2:G34,$B$2:B34,B34,$F$2:F34,"Masuk")-SUMIFS($G$2:G34,$B$2:B34,B34,$F$2:F34,"Keluar") -> 162 | K34: =IF(F34="Masuk",MAX(0,MIN(G34,SUMIFS($G$2:G34,$B$2:B34,B34,$F$2:F34,"Masuk")-SUMIFS($G$2:G34,$B$2:B34,B34,$F$2:F34,"Keluar"))),"") -> 55 | L34: =IF(F34="Masuk",K34*H34,"") -> 1078165
A35: 2024-05-02 | B35: BB-001 | C35: Plat Baja 2mm | D35: Bahan Baku | E35: Kg | F35: Masuk | G35: 151 | H35: 18300 | I35: Gudang Utama | J35: =SUMIFS($G$2:G35,$B$2:B35,B35,$F$2:F35,"Masuk")-SUMIFS($G$2:G35,$B$2:B35,B35,$F$2:F35,"Keluar") -> 313 | K35: =IF(F35="Masuk",MAX(0,MIN(G35,SUMIFS($G$2:G35,$B$2:B35,B35,$F$2:F35,"Masuk")-SUMIFS($G$2:G35,$B$2:B35,B35,$F$2:F35,"Keluar"))),"") -> 151 | L35: =IF(F35="Masuk",K35*H35,"") -> 2763300
A36: 2024-05-04 | B36: BB-001 | C36: Plat Baja 2mm | D36: Bahan Baku | E36: Kg | F36: Masuk | G36: 60 | H36: 18967 | I36: Gudang Utama | J36: =SUMIFS($G$2:G36,$B$2:B36,B36,$F$2:F36,"Masuk")-SUMIFS($G$2:G36,$B$2:B36,B36,$F$2:F36,"Keluar") -> 373 | K36: =IF(F36="Masuk",MAX(0,MIN(G36,SUMIFS($G$2:G36,$B$2:B36,B36,$F$2:F36,"Masuk")-SUMIFS($G$2:G36,$B$2:B36,B36,$F$2:F36,"Keluar"))),"") -> 60 | L36: =IF(F36="Masuk",K36*H36,"") -> 1138020
A37: 2024-05-09 | B37: BB-001 | C37: Plat Baja 2mm | D37: Bahan Baku | E37: Kg | F37: Keluar | G37: 25 | I37: Gudang Utama | J37: =SUMIFS($G$2:G37,$B$2:B37,B37,$F$2:F37,"Masuk")-SUMIFS($G$2:G37,$B$2:B37,B37,$F$2:F37,"Keluar") -> 348 | K37: =IF(F37="Masuk",MAX(0,MIN(G37,SUMIFS($G$2:G37,$B$2:B37,B37,$F$2:F37,"Masuk")-SUMIFS($G$2:G37,$B$2:B37,B37,$F$2:F37,"Keluar"))),"") | L37: =IF(F37="Masuk",K37*H37,"")
A38: 2024-05-15 | B38: BB-001 | C38: Plat Baja 2mm | D38: Bahan Baku | E38: Kg | F38: Masuk | G38: 104 | H38: 16928 | I38: Gudang Utama | J38: =SUMIFS($G$2:G38,$B$2:B38,B38,$F$2:F38,"Masuk")-SUMIFS($G$2:G38,$B$2:B38,B38,$F$2:F38,"Keluar") -> 452 | K38: =IF(F38="Masuk",MAX(0,MIN(G38,SUMIFS($G$2:G38,$B$2:B38,B38,$F$2:F38,"Masuk")-SUMIFS($G$2:G38,$B$2:B38,B38,$F$2:F38,"Keluar"))),"") -> 104 | L38: =IF(F38="Masuk",K38*H38,"") -> 1760512
A39: 2024-05-19 | B39: BB-001 | C39: Plat Baja 2mm | D39: Bahan Baku | E39: Kg | F39: Keluar | G39: 71 | I39: Gudang Utama | J39: =SUMIFS($G$2:G39,$B$2:B39,B39,$F$2:F39,"Masuk")-SUMIFS($G$2:G39,$B$2:B39,B39,$F$2:F39,"Keluar") -> 381 | K39: =IF(F39="Masuk",MAX(0,MIN(G39,SUMIFS($G$2:G39,$B$2:B39,B39,$F$2:F39,"Masuk")-SUMIFS($G$2:G39,$B$2:B39,B39,$F$2:F39,"Keluar"))),"") | L39: =IF(F39="Masuk",K39*H39,"")
A40: 2024-05-21 | B40: BB-001 | C40: Plat Baja 2mm | D40: Bahan Baku | E40: Kg | F40: Keluar | G40: 92 | I40: Gudang Utama | J40: =SUMIFS($G$2:G40,$B$2:B40,B40,$F$2:F40,"Masuk")-SUMIFS($G$2:G40,$B$2:B40,B40,$F$2:F40,"Keluar") -> 289 | K40: =IF(F40="Masuk",MAX(0,MIN(G40,SUMIFS($G$2:G40,$B$2:B40,B40,$F$2:F40,"Masuk")-SUMIFS($G$2:G40,$B$2:B40,B40,$F$2:F40,"Keluar"))),"") | L40: =IF(F40="Masuk",K40*H40,"")
A41: 2024-05-25 | B41: BB-001 | C41: Plat Baja 2mm | D41: Bahan Baku | E41: Kg | F41: Masuk | G41: 31 | H41: 17047 | I41: Gudang Utama | J41: =SUMIFS($G$2:G41,$B$2:B41,B41,$F$2:F41,"Masuk")-SUMIFS($G$2:G41,$B$2:B41,B41,$F$2:F41,"Keluar") -> 320 | K41: =IF(F41="Masuk",MAX(0,MIN(G41,SUMIFS($G$2:G41,$B$2:B41,B41,$F$2:F41,"Masuk")-SUMIFS($G$2:G41,$B$2:B41,B41,$F$2:F41,"Keluar"))),"") -> 31 | L41: =IF(F41="Masuk",K41*H41,"") -> 528457
A42: 2024-05-30 | B42: BB-001 | C42: Plat Baja 2mm | D42: Bahan Baku | E42: Kg | F42: Keluar | G42: 27 | I42: Gudang Utama | J42: =SUMIFS($G$2:G42,$B$2:B42,B42,$F$2:F42,"Masuk")-SUMIFS($G$2:G42,$B$2:B42,B42,$F$2:F42,"Keluar") -> 293 | K42: =IF(F42="Masuk",MAX(0,MIN(G42,SUMIFS($G$2:G42,$B$2:B42,B42,$F$2:F42,"Masuk")-SUMIFS($G$2:G42,$B$2:B42,B42,$F$2:F42,"Keluar"))),"") | L42: =IF(F42="Masuk",K42*H42,"")
A43: 2024-06-05 | B43: BB-001 | C43: Plat Baja 2mm | D43: Bahan Baku | E43: Kg | F43: Keluar | G43: 83 | I43: Gudang Utama | J43: =SUMIFS($G$2:G43,$B$2:B43,B43,$F$2:F43,"Masuk")-SUMIFS($G$2:G43,$B$2:B43,B43,$F$2:F43,"Keluar") -> 210 | K43: =IF(F43="Masuk",MAX(0,MIN(G43,SUMIFS($G$2:G43,$B$2:B43,B43,$F$2:F43,"Masuk")-SUMIFS($G$2:G43,$B$2:B43,B43,$F$2:F43,"Keluar"))),"") | L43: =IF(F43="Masuk",K43*H43,"")
A44: 2024-06-07 | B44: BB-001 | C44: Plat Baja 2mm | D44: Bahan Baku | E44: Kg | F44: Masuk | G44: 86 | H44: 17474 | I44: Gudang Utama | J44: =SUMIFS($G$2:G44,$B$2:B44,B44,$F$2:F44,"Masuk")-SUMIFS($G$2:G44,$B$2:B44,B44,$F$2:F44,"Keluar") -> 296 | K44: =IF(F44="Masuk",MAX(0,MIN(G44,SUMIFS($G$2:G44,$B$2:B44,B44,$F$2:F44,"Masuk")-SUMIFS($G$2:G44,$B$2:B44,B44,$F$2:F44,"Keluar"))),"") -> 86 | L44: =IF(F44="Masuk",K44*H44,"") -> 1502764
A45: 2024-06-12 | B45: BB-001 | C45: Plat Baja 2mm | D45: Bahan Baku | E45: Kg | F45: Keluar | G45: 86 | I45: Gudang Utama | J45: =SUMIFS($G$2:G45,$B$2:B45,B45,$F$2:F45,"Masuk")-SUMIFS($G$2:G45,$B$2:B45,B45,$F$2:F45,"Keluar") -> 210 | K45: =IF(F45="Masuk",MAX(0,MIN(G45,SUMIFS($G$2:G45,$B$2:B45,B45,$F$2:F45,"Masuk")-SUMIFS($G$2:G45,$B$2:B45,B45,$F$2:F45,"Keluar"))),"") | L45: =IF(F45="Masuk",K45*H45,"")
A46: 2024-06-17 | B46: BB-001 | C46: Plat Baja 2mm | D46: Bahan Baku | E46: Kg | F46: Keluar | G46: 102 | I46: Gudang Utama | J46: =SUMIFS($G$2:G46,$B$2:B46,B46,$F$2:F46,"Masuk")-SUMIFS($G$2:G46,$B$2:B46,B46,$F$2:F46,"Keluar") -> 108 | K46: =IF(F46="Masuk",MAX(0,MIN(G46,SUMIFS($G$2:G46,$B$2:B46,B46,$F$2:F46,"Masuk")-SUMIFS($G$2:G46,$B$2:B46,B46,$F$2:F46,"Keluar"))),"") | L46: =IF(F46="Masuk",K46*H46,"")
A47: 2024-01-04 | B47: BB-002 | C47: Resin Polimer | D47: Bahan Baku | E47: Kg | F47: Masuk | G47: 41 | H47: 24774 | I47: Gudang Utama | J47: =SUMIFS($G$2:G47,$B$2:B47,B47,$F$2:F47,"Masuk")-SUMIFS($G$2:G47,$B$2:B47,B47,$F$2:F47,"Keluar") -> 41 | K47: =IF(F47="Masuk",MAX(0,MIN(G47,SUMIFS($G$2:G47,$B$2:B47,B47,$F$2:F47,"Masuk")-SUMIFS($G$2:G47,$B$2:B47,B47,$F$2:F47,"Keluar"))),"") -> 41 | L47: =IF(F47="Masuk",K47*H47,"") -> 1015734
A48: 2024-01-08 | B48: BB-002 | C48: Resin Polimer | D48: Bahan Baku | E48: Kg | F48: Keluar | G48: 40 | I48: Gudang Utama | J48: =SUMIFS($G$2:G48,$B$2:B48,B48,$F$2:F48,"Masuk")-SUMIFS($G$2:G48,$B$2:B48,B48,$F$2:F48,"Keluar") -> 1 | K48: =IF(F48="Masuk",MAX(0,MIN(G48,SUMIFS($G$2:G48,$B$2:B48,B48,$F$2:F48,"Masuk")-SUMIFS($G$2:G48,$B$2:B48,B48,$F$2:F48,"Keluar"))),"") | L48: =IF(F48="Masuk",K48*H48,"")
A49: 2024-01-12 | B49: BB-002 | C49: Resin Polimer | D49: Bahan Baku | E49: Kg | F49: Masuk | G49: 63 | H49: 24797 | I49: Gudang Utama | J49: =SUMIFS($G$2:G49,$B$2:B49,B49,$F$2:F49,"Masuk")-SUMIFS($G$2:G49,$B$2:B49,B49,$F$2:F49,"Keluar") -> 64 | K49: =IF(F49="Masuk",MAX(0,MIN(G49,SUMIFS($G$2:G49,$B$2:B49,B49,$F$2:F49,"Masuk")-SUMIFS($G$2:G49,$B$2:B49,B49,$F$2:F49,"Keluar"))),"") -> 63 | L49: =IF(F49="Masuk",K49*H49,"") -> 1562211
A50: 2024-01-16 | B50: BB-002 | C50: Resin Polimer | D50: Bahan Baku | E50: Kg | F50: Keluar | G50: 60 | I50: Gudang Utama | J50: =SUMIFS($G$2:G50,$B$2:B50,B50,$F$2:F50,"Masuk")-SUMIFS($G$2:G50,$B$2:B50,B50,$F$2:F50,"Keluar") -> 4 | K50: =IF(F50="Masuk",MAX(0,MIN(G50,SUMIFS($G$2:G50,$B$2:B50,B50,$F$2:F50,"Masuk")-SUMIFS($G$2:G50,$B$2:B50,B50,$F$2:F50,"Keluar"))),"") | L50: =IF(F50="Masuk",K50*H50,"")
A51: 2024-01-21 | B51: BB-002 | C51: Resin Polimer | D51: Bahan Baku | E51: Kg | F51: Masuk | G51: 66 | H51: 27184 | I51: Gudang Utama | J51: =SUMIFS($G$2:G51,$B$2:B51,B51,$F$2:F51,"Masuk")-SUMIFS($G$2:G51,$B$2:B51,B51,$F$2:F51,"Keluar") -> 70 | K51: =IF(F51="Masuk",MAX(0,MIN(G51,SUMIFS($G$2:G51,$B$2:B51,B51,$F$2:F51,"Masuk")-SUMIFS($G$2:G51,$B$2:B51,B51,$F$2:F51,"Keluar"))),"") -> 66 | L51: =IF(F51="Masuk",K51*H51,"") -> 1794144
A52: 2024-01-24 | B52: BB-002 | C52: Resin Polimer | D52: Bahan Baku | E52: Kg | F52: Masuk | G52: 195 | H52: 25807 | I52: Gudang Utama | J52: =SUMIFS($G$2:G52,$B$2:B52,B52,$F$2:F52,"Masuk")-SUMIFS($G$2:G52,$B$2:B52,B52,$F$2:F52,"Keluar") -> 265 | K52: =IF(F52="Masuk",MAX(0,MIN(G52,SUMIFS($G$2:G52,$B$2:B52,B52,$F$2:F52,"Masuk")-SUMIFS($G$2:G52,$B$2:B52,B52,$F$2:F52,"Keluar"))),"") -> 195 | L52: =IF(F52="Masuk",K52*H52,"") -> 5032365
A53: 2024-01-28 | B53: BB-002 | C53: Resin Polimer | D53: Bahan Baku | E53: Kg | F53: Keluar | G53: 18 | I53: Gudang Utama | J53: =SUMIFS($G$2:G53,$B$2:B53,B53,$F$2:F53,"Masuk")-SUMIFS($G$2:G53,$B$2:B53,B53,$F$2:F53,"Keluar") -> 247 | K53: =IF(F53="Masuk",MAX(0,MIN(G53,SUMIFS($G$2:G53,$B$2:B53,B53,$F$2:F53,"Masuk")-SUMIFS($G$2:G53,$B$2:B53,B53,$F$2:F53,"Keluar"))),"") | L53: =IF(F53="Masuk",K53*H53,"")
A54: 2024-01-30 | B54: BB-002 | C54: Resin Polimer | D54: Bahan Baku | E54: Kg | F54: Masuk | G54: 53 | H54: 23889 | I54: Gudang Utama | J54: =SUMIFS($G$2:G54,$B$2:B54,B54,$F$2:F54,"Masuk")-SUMIFS($G$2:G54,$B$2:B54,B54,$F$2:F54,"Keluar") -> 300 | K54: =IF(F54="Masuk",MAX(0,MIN(G54,SUMIFS($G$2:G54,$B$2:B54,B54,$F$2:F54,"Masuk")-SUMIFS($G$2:G54,$B$2:B54,B54,$F$2:F54,"Keluar"))),"") -> 53 | L54: =IF(F54="Masuk",K54*H54,"") -> 1266117
A55: 2024-01-31 | B55: BB-002 | C55: Resin Polimer | D55: Bahan Baku | E55: Kg | F55: Masuk | G55: 149 | H55: 26438 | I55: Gudang Utama | J55: =SUMIFS($G$2:G55,$B$2:B55,B55,$F$2:F55,"Masuk")-SUMIFS($G$2:G55,$B$2:B55,B55,$F$2:F55,"Keluar") -> 449 | K55: =IF(F55="Masuk",MAX(0,MIN(G55,SUMIFS($G$2:G55,$B$2:B55,B55,$F$2:F55,"Masuk")-SUMIFS($G$2:G55,$B$2:B55,B55,$F$2:F55,"Keluar"))),"") -> 149 | L55: =IF(F55="Masuk",K55*H55,"") -> 3939262
A56: 2024-02-02 | B56: BB-002 | C56: Resin Polimer | D56: Bahan Baku | E56: Kg | F56: Keluar | G56: 32 | I56: Gudang Utama | J56: =SUMIFS($G$2:G56,$B$2:B56,B56,$F$2:F56,"Masuk")-SUMIFS($G$2:G56,$B$2:B56,B56,$F$2:F56,"Keluar") -> 417 | K56: =IF(F56="Masuk",MAX(0,MIN(G56,SUMIFS($G$2:G56,$B$2:B56,B56,$F$2:F56,"Masuk")-SUMIFS($G$2:G56,$B$2:B56,B56,$F$2:F56,"Keluar"))),"") | L56: =IF(F56="Masuk",K56*H56,"")
A57: 2024-02-06 | B57: BB-002 | C57: Resin Polimer | D57: Bahan Baku | E57: Kg | F57: Keluar | G57: 86 | I57: Gudang Utama | J57: =SUMIFS($G$2:G57,$B$2:B57,B57,$F$2:F57,"Masuk")-SUMIFS($G$2:G57,$B$2:B57,B57,$F$2:F57,"Keluar") -> 331 | K57: =IF(F57="Masuk",MAX(0,MIN(G57,SUMIFS($G$2:G57,$B$2:B57,B57,$F$2:F57,"Masuk")-SUMIFS($G$2:G57,$B$2:B57,B57,$F$2:F57,"Keluar"))),"") | L57: =IF(F57="Masuk",K57*H57,"")
A58: 2024-02-07 | B58: BB-002 | C58: Resin Polimer | D58: Bahan Baku | E58: Kg | F58: Keluar | G58: 78 | I58: Gudang Utama | J58: =SUMIFS($G$2:G58,$B$2:B58,B58,$F$2:F58,"Masuk")-SUMIFS($G$2:G58,$B$2:B58,B58,$F$2:F58,"Keluar") -> 253 | K58: =IF(F58="Masuk",MAX(0,MIN(G58,SUMIFS($G$2:G58,$B$2:B58,B58,$F$2:F58,"Masuk")-SUMIFS($G$2:G58,$B$2:B58,B58,$F$2:F58,"Keluar"))),"") | L58: =IF(F58="Masuk",K58*H58,"")
A59: 2024-02-12 | B59: BB-002 | C59: Resin Polimer | D59: Bahan Baku | E59: Kg | F59: Keluar | G59: 21 | I59: Gudang Utama | J59: =SUMIFS($G$2:G59,$B$2:B59,B59,$F$2:F59,"Masuk")-SUMIFS($G$2:G59,$B$2:B59,B59,$F$2:F59,"Keluar") -> 232 | K59: =IF(F59="Masuk",MAX(0,MIN(G59,SUMIFS($G$2:G59,$B$2:B59,B59,$F$2:F59,"Masuk")-SUMIFS($G$2:G59,$B$2:B59,B59,$F$2:F59,"Keluar"))),"") | L59: =IF(F59="Masuk",K59*H59,"")
A60: 2024-02-16 | B60: BB-002 | C60: Resin Polimer | D60: Bahan Baku | E60: Kg | F60: Keluar | G60: 87 | I60: Gudang Utama | J60: =SUMIFS($G$2:G60,$B$2:B60,B60,$F$2:F60,"Masuk")-SUMIFS($G$2:G60,$B$2:B60,B60,$F$2:F60,"Keluar") -> 145 | K60: =IF(F60="Masuk",MAX(0,MIN(G60,SUMIFS($G$2:G60,$B$2:B60,B60,$F$2:F60,"Masuk")-SUMIFS($G$2:G60,$B$2:B60,B60,$F$2:F60,"Keluar"))),"") | L60: =IF(F60="Masuk",K60*H60,"")
A61: 2024-02-21 | B61: BB-002 | C61: Resin Polimer | D61: Bahan Baku | E61: Kg | F61: Keluar | G61: 109 | I61: Gudang Utama | J61: =SUMIFS($G$2:G61,$B$2:B61,B61,$F$2:F61,"Masuk")-SUMIFS($G$2:G61,$B$2:B61,B61,$F$2:F61,"Keluar") -> 36 | K61: =IF(F61="Masuk",MAX(0,MIN(G61,SUMIFS($G$2:G61,$B$2:B61,B61,$F$2:F61,"Masuk")-SUMIFS($G$2:G61,$B$2:B61,B61,$F$2:F61,"Keluar"))),"") | L61: =IF(F61="Masuk",K61*H61,"")
A62: 2024-02-27 | B62: BB-002 | C62: Resin Polimer | D62: Bahan Baku | E62: Kg | F62: Keluar | G62: 26 | I62: Gudang Utama | J62: =SUMIFS($G$2:G62,$B$2:B62,B62,$F$2:F62,"Masuk")-SUMIFS($G$2:G62,$B$2:B62,B62,$F$2:F62,"Keluar") -> 10 | K62: =IF(F62="Masuk",MAX(0,MIN(G62,SUMIFS($G$2:G62,$B$2:B62,B62,$F$2:F62,"Masuk")-SUMIFS($G$2:G62,$B$2:B62,B62,$F$2:F62,"Keluar"))),"") | L62: =IF(F62="Masuk",K62*H62,"")
A63: 2024-03-02 | B63: BB-002 | C63: Resin Polimer | D63: Bahan Baku | E63: Kg | F63: Masuk | G63: 114 | H63: 23355 | I63: Gudang Utama | J63: =SUMIFS($G$2:G63,$B$2:B63,B63,$F$2:F63,"Masuk")-SUMIFS($G$2:G63,$B$2:B63,B63,$F$2:F63,"Keluar") -> 124 | K63: =IF(F63="Masuk",MAX(0,MIN(G63,SUMIFS($G$2:G63,$B$2:B63,B63,$F$2:F63,"Masuk")-SUMIFS($G$2:G63,$B$2:B63,B63,$F$2:F63,"Keluar"))),"") -> 114 | L63: =IF(F63="Masuk",K63*H63,"") -> 2662470
A64: 2024-03-08 | B64: BB-002 | C64: Resin Polimer | D64: Bahan Baku | E64: Kg | F64: Keluar | G64: 39 | I64: Gudang Utama | J64: =SUMIFS($G$2:G64,$B$2:B64,B64,$F$2:F64,"Masuk")-SUMIFS($G$2:G64,$B$2:B64,B64,$F$2:F64,"Keluar") -> 85 | K64: =IF(F64="Masuk",MAX(0,MIN(G64,SUMIFS($G$2:G64,$B$2:B64,B64,$F$2:F64,"Masuk")-SUMIFS($G$2:G64,$B$2:B64,B64,$F$2:F64,"Keluar"))),"") | L64: =IF(F64="Masuk",K64*H64,"")
A65: 2024-03-12 | B65: BB-002 | C65: Resin Polimer | D65: Bahan Baku | E65: Kg | F65: Keluar | G65: 58 | I65: Gudang Utama | J65: =SUMIFS($G$2:G65,$B$2:B65,B65,$F$2:F65,"Masuk")-SUMIFS($G$2:G65,$B$2:B65,B65,$F$2:F65,"Keluar") -> 27 | K65: =IF(F65="Masuk",MAX(0,MIN(G65,SUMIFS($G$2:G65,$B$2:B65,B65,$F$2:F65,"Masuk")-SUMIFS($G$2:G65,$B$2:B65,B65,$F$2:F65,"Keluar"))),"") | L65: =IF(F65="Masuk",K65*H65,"")
A66: 2024-03-15 | B66: BB-002 | C66: Resin Polimer | D66: Bahan Baku | E66: Kg | F66: Masuk | G66: 170 | H66: 27719 | I66: Gudang Utama | J66: =SUMIFS($G$2:G66,$B$2:B66,B66,$F$2:F66,"Masuk")-SUMIFS($G$2:G66,$B$2:B66,B66,$F$2:F66,"Keluar") -> 197 | K66: =IF(F66="Masuk",MAX(0,MIN(G66,SUMIFS($G$2:G66,$B$2:B66,B66,$F$2:F66,"Masuk")-SUMIFS($G$2:G66,$B$2:B66,B66,$F$2:F66,"Keluar"))),"") -> 170 | L66: =IF(F66="Masuk",K66*H66,"") -> 4712230
A67: 2024-03-16 | B67: BB-002 | C67: Resin Polimer | D67: Bahan Baku | E67: Kg | F67: Masuk | G67: 85 | H67: 26908 | I67: Gudang Utama | J67: =SUMIFS($G$2:G67,$B$2:B67,B67,$F$2:F67,"Masuk")-SUMIFS($G$2:G67,$B$2:B67,B67,$F$2:F67,"Keluar") -> 282 | K67: =IF(F67="Masuk",MAX(0,MIN(G67,SUMIFS($G$2:G67,$B$2:B67,B67,$F$2:F67,"Masuk")-SUMIFS($G$2:G67,$B$2:B67,B67,$F$2:F67,"Keluar"))),"") -> 85 | L67: =IF(F67="Masuk",K67*H67,"") -> 2287180
A68: 2024-03-18 | B68: BB-002 | C68: Resin Polimer | D68: Bahan Baku | E68: Kg | F68: Keluar | G68: 20 | I68: Gudang Utama | J68: =SUMIFS($G$2:G68,$B$2:B68,B68,$F$2:F68,"Masuk")-SUMIFS($G$2:G68,$B$2:B68,B68,$F$2:F68,"Keluar") -> 262 | K68: =IF(F68="Masuk",MAX(0,MIN(G68,SUMIFS($G$2:G68,$B$2:B68,B68,$F$2:F68,"Masuk")-SUMIFS($G$2:G68,$B$2:B68,B68,$F$2:F68,"Keluar"))),"") | L68: =IF(F68="Masuk",K68*H68,"")
A69: 2024-03-21 | B69: BB-002 | C69: Resin Polimer | D69: Bahan Baku | E69: Kg | F69: Keluar | G69: 79 | I69: Gudang Utama | J69: =SUMIFS($G$2:G69,$B$2:B69,B69,$F$2:F69,"Masuk")-SUMIFS($G$2:G69,$B$2:B69,B69,$F$2:F69,"Keluar") -> 183 | K69: =IF(F69="Masuk",MAX(0,MIN(G69,SUMIFS($G$2:G69,$B$2:B69,B69,$F$2:F69,"Masuk")-SUMIFS($G$2:G69,$B$2:B69,B69,$F$2:F69,"Keluar"))),"") | L69: =IF(F69="Masuk",K69*H69,"")
A70: 2024-03-25 | B70: BB-002 | C70: Resin Polimer | D70: Bahan Baku | E70: Kg | F70: Masuk | G70: 21 | H70: 23058 | I70: Gudang Utama | J70: =SUMIFS($G$2:G70,$B$2:B70,B70,$F$2:F70,"Masuk")-SUMIFS($G$2:G70,$B$2:B70,B70,$F$2:F70,"Keluar") -> 204 | K70: =IF(F70="Masuk",MAX(0,MIN(G70,SUMIFS($G$2:G70,$B$2:B70,B70,$F$2:F70,"Masuk")-SUMIFS($G$2:G70,$B$2:B70,B70,$F$2:F70,"Keluar"))),"") -> 21 | L70: =IF(F70="Masuk",K70*H70,"") -> 484218
A71: 2024-03-30 | B71: BB-002 | C71: Resin Polimer | D71: Bahan Baku | E71: Kg | F71: Keluar | G71: 76 | I71: Gudang Utama | J71: =SUMIFS($G$2:G71,$B$2:B71,B71,$F$2:F71,"Masuk")-SUMIFS($G$2:G71,$B$2:B71,B71,$F$2:F71,"Keluar") -> 128 | K71: =IF(F71="Masuk",MAX(0,MIN(G71,SUMIFS($G$2:G71,$B$2:B71,B71,$F$2:F71,"Masuk")-SUMIFS($G$2:G71,$B$2:B71,B71,$F$2:F71,"Keluar"))),"") | L71: =IF(F71="Masuk",K71*H71,"")
A72: 2024-03-31 | B72: BB-002 | C72: Resin Polimer | D72: Bahan Baku | E72: Kg | F72: Masuk | G72: 72 | H72: 25587 | I72: Gudang Utama | J72: =SUMIFS($G$2:G72,$B$2:B72,B72,$F$2:F72,"Masuk")-SUMIFS($G$2:G72,$B$2:B72,B72,$F$2:F72,"Keluar") -> 200 | K72: =IF(F72="Masuk",MAX(0,MIN(G72,SUMIFS($G$2:G72,$B$2:B72,B72,$F$2:F72,"Masuk")-SUMIFS($G$2:G72,$B$2:B72,B72,$F$2:F72,"Keluar"))),"") -> 72 | L72: =IF(F72="Masuk",K72*H72,"") -> 1842264
A73: 2024-04-04 | B73: BB-002 | C73: Resin Polimer | D73: Bahan Baku | E73: Kg | F73: Masuk | G73: 59 | H73: 26490 | I73: Gudang Utama | J73: =SUMIFS($G$2:G73,$B$2:B73,B73,$F$2:F73,"Masuk")-SUMIFS($G$2:G73,$B$2:B73,B73,$F$2:F73,"Keluar") -> 259 | K73: =IF(F73="Masuk",MAX(0,MIN(G73,SUMIFS($G$2:G73,$B$2:B73,B73,$F$2:F73,"Masuk")-SUMIFS($G$2:G73,$B$2:B73,B73,$F$2:F73,"Keluar"))),"") -> 59 | L73: =IF(F73="Masuk",K73*H73,"") -> 1562910
A74: 2024-04-10 | B74: BB-002 | C74: Resin Polimer | D74: Bahan Baku | E74: Kg | F74: Keluar | G74: 43 | I74: Gudang Utama | J74: =SUMIFS($G$2:G74,$B$2:B74,B74,$F$2:F74,"Masuk")-SUMIFS($G$2:G74,$B$2:B74,B74,$F$2:F74,"Keluar") -> 216 | K74: =IF(F74="Masuk",MAX(0,MIN(G74,SUMIFS($G$2:G74,$B$2:B74,B74,$F$2:F74,"Masuk")-SUMIFS($G$2:G74,$B$2:B74,B74,$F$2:F74,"Keluar"))),"") | L74: =IF(F74="Masuk",K74*H74,"")
A75: 2024-04-15 | B75: BB-002 | C75: Resin Polimer | D75: Bahan Baku | E75: Kg | F75: Masuk | G75: 113 | H75: 25257 | I75: Gudang Utama | J75: =SUMIFS($G$2:G75,$B$2:B75,B75,$F$2:F75,"Masuk")-SUMIFS($G$2:G75,$B$2:B75,B75,$F$2:F75,"Keluar") -> 329 | K75: =IF(F75="Masuk",MAX(0,MIN(G75,SUMIFS($G$2:G75,$B$2:B75,B75,$F$2:F75,"Masuk")-SUMIFS($G$2:G75,$B$2:B75,B75,$F$2:F75,"Keluar"))),"") -> 113 | L75: =IF(F75="Masuk",K75*H75,"") -> 2854041
A76: 2024-04-21 | B76: BB-002 | C76: Resin Polimer | D76: Bahan Baku | E76: Kg | F76: Masuk | G76: 72 | H76: 26385 | I76: Gudang Utama | J76: =SUMIFS($G$2:G76,$B$2:B76,B76,$F$2:F76,"Masuk")-SUMIFS($G$2:G76,$B$2:B76,B76,$F$2:F76,"Keluar") -> 401 | K76: =IF(F76="Masuk",MAX(0,MIN(G76,SUMIFS($G$2:G76,$B$2:B76,B76,$F$2:F76,"Masuk")-SUMIFS($G$2:G76,$B$2:B76,B76,$F$2:F76,"Keluar"))),"") -> 72 | L76: =IF(F76="Masuk",K76*H76,"") -> 1899720
A77: 2024-04-26 | B77: BB-002 | C77: Resin Polimer | D77: Bahan Baku | E77: Kg | F77: Keluar | G77: 71 | I77: Gudang Utama | J77: =SUMIFS($G$2:G77,$B$2:B77,B77,$F$2:F77,"Masuk")-SUMIFS($G$2:G77,$B$2:B77,B77,$F$2:F77,"Keluar") -> 330 | K77: =IF(F77="Masuk",MAX(0,MIN(G77,SUMIFS($G$2:G77,$B$2:B77,B77,$F$2:F77,"Masuk")-SUMIFS($G$2:G77,$B$2:B77,B77,$F$2:F77,"Keluar"))),"") | L77: =IF(F77="Masuk",K77*H77,"")
A78: 2024-04-28 | B78: BB-002 | C78: Resin Polimer | D78: Bahan Baku | E78: Kg | F78: Masuk | G78: 162 | H78: 26962 | I78: Gudang Utama | J78: =SUMIFS($G$2:G78,$B$2:B78,B78,$F$2:F78,"Masuk")-SUMIFS($G$2:G78,$B$2:B78,B78,$F$2:F78,"Keluar") -> 492 | K78: =IF(F78="Masuk",MAX(0,MIN(G78,SUMIFS($G$2:G78,$B$2:B78,B78,$F$2:F78,"Masuk")-SUMIFS($G$2:G78,$B$2:B78,B78,$F$2:F78,"Keluar"))),"") -> 162 | L78: =IF(F78="Masuk",K78*H78,"") -> 4367844
A79: 2024-05-01 | B79: BB-002 | C79: Resin Polimer | D79: Bahan Baku | E79: Kg | F79: Keluar | G79: 83 | I79: Gudang Utama | J79: =SUMIFS($G$2:G79,$B$2:B79,B79,$F$2:F79,"Masuk")-SUMIFS($G$2:G79,$B$2:B79,B79,$F$2:F79,"Keluar") -> 409 | K79: =IF(F79="Masuk",MAX(0,MIN(G79,SUMIFS($G$2:G79,$B$2:B79,B79,$F$2:F79,"Masuk")-SUMIFS($G$2:G79,$B$2:B79,B79,$F$2:F79,"Keluar"))),"") | L79: =IF(F79="Masuk",K79*H79,"")
A80: 2024-05-04 | B80: BB-002 | C80: Resin Polimer | D80: Bahan Baku | E80: Kg | F80: Keluar | G80: 60 | I80: Gudang Utama | J80: =SUMIFS($G$2:G80,$B$2:B80,B80,$F$2:F80,"Masuk")-SUMIFS($G$2:G80,$B$2:B80,B80,$F$2:F80,"Keluar") -> 349 | K80: =IF(F80="Masuk",MAX(0,MIN(G80,SUMIFS($G$2:G80,$B$2:B80,B80,$F$2:F80,"Masuk")-SUMIFS($G$2:G80,$B$2:B80,B80,$F$2:F80,"Keluar"))),"") | L80: =IF(F80="Masuk",K80*H80,"")
A81: 2024-05-10 | B81: BB-002 | C81: Resin Polimer | D81: Bahan Baku | E81: Kg | F81: Masuk | G81: 188 | H81: 23975 | I81: Gudang Utama | J81: =SUMIFS($G$2:G81,$B$2:B81,B81,$F$2:F81,"Masuk")-SUMIFS($G$2:G81,$B$2:B81,B81,$F$2:F81,"Keluar") -> 537 | K81: =IF(F81="Masuk",MAX(0,MIN(G81,SUMIFS($G$2:G81,$B$2:B81,B81,$F$2:F81,"Masuk")-SUMIFS($G$2:G81,$B$2:B81,B81,$F$2:F81,"Keluar"))),"") -> 188 | L81: =IF(F81="Masuk",K81*H81,"") -> 4507300
A82: 2024-05-16 | B82: BB-002 | C82: Resin Polimer | D82: Bahan Baku | E82: Kg | F82: Masuk | G82: 199 | H82: 24325 | I82: Gudang Utama | J82: =SUMIFS($G$2:G82,$B$2:B82,B82,$F$2:F82,"Masuk")-SUMIFS($G$2:G82,$B$2:B82,B82,$F$2:F82,"Keluar") -> 736 | K82: =IF(F82="Masuk",MAX(0,MIN(G82,SUMIFS($G$2:G82,$B$2:B82,B82,$F$2:F82,"Masuk")-SUMIFS($G$2:G82,$B$2:B82,B82,$F$2:F82,"Keluar"))),"") -> 199 | L82: =IF(F82="Masuk",K82*H82,"") -> 4840675
A83: 2024-05-17 | B83: BB-002 | C83: Resin Polimer | D83: Bahan Baku | E83: Kg | F83: Masuk | G83: 122 | H83: 25772 | I83: Gudang Utama | J83: =SUMIFS($G$2:G83,$B$2:B83,B83,$F$2:F83,"Masuk")-SUMIFS($G$2:G83,$B$2:B83,B83,$F$2:F83,"Keluar") -> 858 | K83: =IF(F83="Masuk",MAX(0,MIN(G83,SUMIFS($G$2:G83,$B$2:B83,B83,$F$2:F83,"Masuk")-SUMIFS($G$2:G83,$B$2:B83,B83,$F$2:F83,"Keluar"))),"") -> 122 | L83: =IF(F83="Masuk",K83*H83,"") -> 3144184
A84: 2024-05-22 | B84: BB-002 | C84: Resin Polimer | D84: Bahan Baku | E84: Kg | F84: Keluar | G84: 97 | I84: Gudang Utama | J84: =SUMIFS($G$2:G84,$B$2:B84,B84,$F$2:F84,"Masuk")-SUMIFS($G$2:G84,$B$2:B84,B84,$F$2:F84,"Keluar") -> 761 | K84: =IF(F84="Masuk",MAX(0,MIN(G84,SUMIFS($G$2:G84,$B$2:B84,B84,$F$2:F84,"Masuk")-SUMIFS($G$2:G84,$B$2:B84,B84,$F$2:F84,"Keluar"))),"") | L84: =IF(F84="Masuk",K84*H84,"")
A85: 2024-05-28 | B85: BB-002 | C85: Resin Polimer | D85: Bahan Baku | E85: Kg | F85: Masuk | G85: 119 | H85: 23043 | I85: Gudang Utama | J85: =SUMIFS($G$2:G85,$B$2:B85,B85,$F$2:F85,"Masuk")-SUMIFS($G$2:G85,$B$2:B85,B85,$F$2:F85,"Keluar") -> 880 | K85: =IF(F85="Masuk",MAX(0,MIN(G85,SUMIFS($G$2:G85,$B$2:B85,B85,$F$2:F85,"Masuk")-SUMIFS($G$2:G85,$B$2:B85,B85,$F$2:F85,"Keluar"))),"") -> 119 | L85: =IF(F85="Masuk",K85*H85,"") -> 2742117
A86: 2024-05-29 | B86: BB-002 | C86: Resin Polimer | D86: Bahan Baku | E86: Kg | F86: Keluar | G86: 70 | I86: Gudang Utama | J86: =SUMIFS($G$2:G86,$B$2:B86,B86,$F$2:F86,"Masuk")-SUMIFS($G$2:G86,$B$2:B86,B86,$F$2:F86,"Keluar") -> 810 | K86: =IF(F86="Masuk",MAX(0,MIN(G86,SUMIFS($G$2:G86,$B$2:B86,B86,$F$2:F86,"Masuk")-SUMIFS($G$2:G86,$B$2:B86,B86,$F$2:F86,"Keluar"))),"") | L86: =IF(F86="Masuk",K86*H86,"")
A87: 2024-06-03 | B87: BB-002 | C87: Resin Polimer | D87: Bahan Baku | E87: Kg | F87: Masuk | G87: 36 | H87: 25155 | I87: Gudang Utama | J87: =SUMIFS($G$2:G87,$B$2:B87,B87,$F$2:F87,"Masuk")-SUMIFS($G$2:G87,$B$2:B87,B87,$F$2:F87,"Keluar") -> 846 | K87: =IF(F87="Masuk",MAX(0,MIN(G87,SUMIFS($G$2:G87,$B$2:B87,B87,$F$2:F87,"Masuk")-SUMIFS($G$2:G87,$B$2:B87,B87,$F$2:F87,"Keluar"))),"") -> 36 | L87: =IF(F87="Masuk",K87*H87,"") -> 905580
A88: 2024-06-05 | B88: BB-002 | C88: Resin Polimer | D88: Bahan Baku | E88: Kg | F88: Masuk | G88: 175 | H88: 23309 | I88: Gudang Utama | J88: =SUMIFS($G$2:G88,$B$2:B88,B88,$F$2:F88,"Masuk")-SUMIFS($G$2:G88,$B$2:B88,B88,$F$2:F88,"Keluar") -> 1021 | K88: =IF(F88="Masuk",MAX(0,MIN(G88,SUMIFS($G$2:G88,$B$2:B88,B88,$F$2:F88,"Masuk")-SUMIFS($G$2:G88,$B$2:B88,B88,$F$2:F88,"Keluar"))),"") -> 175 | L88: =IF(F88="Masuk",K88*H88,"") -> 4079075
A89: 2024-06-11 | B89: BB-002 | C89: Resin Polimer | D89: Bahan Baku | E89: Kg | F89: Masuk | G89: 122 | H89: 27268 | I89: Gudang Utama | J89: =SUMIFS($G$2:G89,$B$2:B89,B89,$F$2:F89,"Masuk")-SUMIFS($G$2:G89,$B$2:B89,B89,$F$2:F89,"Keluar") -> 1143 | K89: =IF(F89="Masuk",MAX(0,MIN(G89,SUMIFS($G$2:G89,$B$2:B89,B89,$F$2:F89,"Masuk")-SUMIFS($G$2:G89,$B$2:B89,B89,$F$2:F89,"Keluar"))),"") -> 122 | L89: =IF(F89="Masuk",K89*H89,"") -> 3326696
A90: 2024-06-14 | B90: BB-002 | C90: Resin Polimer | D90: Bahan Baku | E90: Kg | F90: Keluar | G90: 86 | I90: Gudang Utama | J90: =SUMIFS($G$2:G90,$B$2:B90,B90,$F$2:F90,"Masuk")-SUMIFS($G$2:G90,$B$2:B90,B90,$F$2:F90,"Keluar") -> 1057 | K90: =IF(F90="Masuk",MAX(0,MIN(G90,SUMIFS($G$2:G90,$B$2:B90,B90,$F$2:F90,"Masuk")-SUMIFS($G$2:G90,$B$2:B90,B90,$F$2:F90,"Keluar"))),"") | L90: =IF(F90="Masuk",K90*H90,"")
A91: 2024-06-15 | B91: BB-002 | C91: Resin Polimer | D91: Bahan Baku | E91: Kg | F91: Keluar | G91: 114 | I91: Gudang Utama | J91: =SUMIFS($G$2:G91,$B$2:B91,B91,$F$2:F91,"Masuk")-SUMIFS($G$2:G91,$B$2:B91,B91,$F$2:F91,"Keluar") -> 943 | K91: =IF(F91="Masuk",MAX(0,MIN(G91,SUMIFS($G$2:G91,$B$2:B91,B91,$F$2:F91,"Masuk")-SUMIFS($G$2:G91,$B$2:B91,B91,$F$2:F91,"Keluar"))),"") | L91: =IF(F91="Masuk",K91*H91,"")
A92: 2024-06-17 | B92: BB-002 | C92: Resin Polimer | D92: Bahan Baku | E92: Kg | F92: Keluar | G92: 66 | I92: Gudang Utama | J92: =SUMIFS($G$2:G92,$B$2:B92,B92,$F$2:F92,"Masuk")-SUMIFS($G$2:G92,$B$2:B92,B92,$F$2:F92,"Keluar") -> 877 | K92: =IF(F92="Masuk",MAX(0,MIN(G92,SUMIFS($G$2:G92,$B$2:B92,B92,$F$2:F92,"Masuk")-SUMIFS($G$2:G92,$B$2:B92,B92,$F$2:F92,"Keluar"))),"") | L92: =IF(F92="Masuk",K92*H92,"")
A93: 2024-06-18 | B93: BB-002 | C93: Resin Polimer | D93: Bahan Baku | E93: Kg | F93: Masuk | G93: 188 | H93: 27244 | I93: Gudang Utama | J93: =SUMIFS($G$2:G93,$B$2:B93,B93,$F$2:F93,"Masuk")-SUMIFS($G$2:G93,$B$2:B93,B93,$F$2:F93,"Keluar") -> 1065 | K93: =IF(F93="Masuk",MAX(0,MIN(G93,SUMIFS($G$2:G93,$B$2:B93,B93,$F$2:F93,"Masuk")-SUMIFS($G$2:G93,$B$2:B93,B93,$F$2:F93,"Keluar"))),"") -> 188 | L93: =IF(F93="Masuk",K93*H93,"") -> 5121872
A94: 2024-06-21 | B94: BB-002 | C94: Resin Polimer | D94: Bahan Baku | E94: Kg | F94: Masuk | G94: 173 | H94: 27182 | I94: Gudang Utama | J94: =SUMIFS($G$2:G94,$B$2:B94,B94,$F$2:F94,"Masuk")-SUMIFS($G$2:G94,$B$2:B94,B94,$F$2:F94,"Keluar") -> 1238 | K94: =IF(F94="Masuk",MAX(0,MIN(G94,SUMIFS($G$2:G94,$B$2:B94,B94,$F$2:F94,"Masuk")-SUMIFS($G$2:G94,$B$2:B94,B94,$F$2:F94,"Keluar"))),"") -> 173 | L94: =IF(F94="Masuk",K94*H94,"") -> 4702486
A95: 2024-06-26 | B95: BB-002 | C95: Resin Polimer | D95: Bahan Baku | E95: Kg | F95: Keluar | G95: 88 | I95: Gudang Utama | J95: =SUMIFS($G$2:G95,$B$2:B95,B95,$F$2:F95,"Masuk")-SUMIFS($G$2:G95,$B$2:B95,B95,$F$2:F95,"Keluar") -> 1150 | K95: =IF(F95="Masuk",MAX(0,MIN(G95,SUMIFS($G$2:G95,$B$2:B95,B95,$F$2:F95,"Masuk")-SUMIFS($G$2:G95,$B$2:B95,B95,$F$2:F95,"Keluar"))),"") | L95: =IF(F95="Masuk",K95*H95,"")
A96: 2024-06-28 | B96: BB-002 | C96: Resin Polimer | D96: Bahan Baku | E96: Kg | F96: Keluar | G96: 56 | I96: Gudang Utama | J96: =SUMIFS($G$2:G96,$B$2:B96,B96,$F$2:F96,"Masuk")-SUMIFS($G$2:G96,$B$2:B96,B96,$F$2:F96,"Keluar") -> 1094 | K96: =IF(F96="Masuk",MAX(0,MIN(G96,SUMIFS($G$2:G96,$B$2:B96,B96,$F$2:F96,"Masuk")-SUMIFS($G$2:G96,$B$2:B96,B96,$F$2:F96,"Keluar"))),"") | L96: =IF(F96="Masuk",K96*H96,"")
A97: 2024-01-07 | B97: CH-001 | C97: Cat Epoxy | D97: Kimia | E97: Liter | F97: Masuk | G97: 156 | H97: 25536 | I97: Gudang Utama | J97: =SUMIFS($G$2:G97,$B$2:B97,B97,$F$2:F97,"Masuk")-SUMIFS($G$2:G97,$B$2:B97,B97,$F$2:F97,"Keluar") -> 156 | K97: =IF(F97="Masuk",MAX(0,MIN(G97,SUMIFS($G$2:G97,$B$2:B97,B97,$F$2:F97,"Masuk")-SUMIFS($G$2:G97,$B$2:B97,B97,$F$2:F97,"Keluar"))),"") -> 156 | L97: =IF(F97="Masuk",K97*H97,"") -> 3983616
A98: 2024-01-10 | B98: CH-001 | C98: Cat Epoxy | D98: Kimia | E98: Liter | F98: Keluar | G98: 39 | I98: Gudang Utama | J98: =SUMIFS($G$2:G98,$B$2:B98,B98,$F$2:F98,"Masuk")-SUMIFS($G$2:G98,$B$2:B98,B98,$F$2:F98,"Keluar") -> 117 | K98: =IF(F98="Masuk",MAX(0,MIN(G98,SUMIFS($G$2:G98,$B$2:B98,B98,$F$2:F98,"Masuk")-SUMIFS($G$2:G98,$B$2:B98,B98,$F$2:F98,"Keluar"))),"") | L98: =IF(F98="Masuk",K98*H98,"")
A99: 2024-01-11 | B99: CH-001 | C99: Cat Epoxy | D99: Kimia | E99: Liter | F99: Masuk | G99: 113 | H99: 26376 | I99: Gudang Utama | J99: =SUMIFS($G$2:G99,$B$2:B99,B99,$F$2:F99,"Masuk")-SUMIFS($G$2:G99,$B$2:B99,B99,$F$2:F99,"Keluar") -> 230 | K99: =IF(F99="Masuk",MAX(0,MIN(G99,SUMIFS($G$2:G99,$B$2:B99,B99,$F$2:F99,"Masuk")-SUMIFS($G$2:G99,$B$2:B99,B99,$F$2:F99,"Keluar"))),"") -> 113 | L99: =IF(F99="Masuk",K99*H99,"") -> 2980488
A100: 2024-01-14 | B100: CH-001 | C100: Cat Epoxy | D100: Kimia | E100: Liter | F100: Masuk | G100: 22 | H100: 23000 | I100: Gudang Utama | J100: =SUMIFS($G$2:G100,$B$2:B100,B100,$F$2:F100,"Masuk")-SUMIFS($G$2:G100,$B$2:B100,B100,$F$2:F100,"Keluar") -> 252 | K100: =IF(F100="Masuk",MAX(0,MIN(G100,SUMIFS($G$2:G100,$B$2:B100,B100,$F$2:F100,"Masuk")-SUMIFS($G$2:G100,$B$2:B100,B100,$F$2:F100,"Keluar"))),"") -> 22 | L100: =IF(F100="Masuk",K100*H100,"") -> 506000
...

Sheet Rekap_Ringkasan
A1: REKAP PERSEDIAAN (METODE FIFO) - PT MAJUJAYA MANUFAKTUR
A2: Sumber data: sheet Kunci_Jawaban -- Nilai persediaan akhir dihitung dengan metode FIFO (First In First Out)
A4: Kode Barang | B4: Nama Barang | C4: Total Qty Masuk | D4: Total Qty Keluar | E4: Saldo Akhir (Qty) | F4: Nilai Persediaan Akhir FIFO (Rp)
A5: BB-001 | B5: Plat Baja 2mm | C5: =SUMIFS(Kunci_Jawaban!G:G,Kunci_Jawaban!B:B,A5,Kunci_Jawaban!F:F,"Masuk") -> 1821 | D5: =SUMIFS(Kunci_Jawaban!G:G,Kunci_Jawaban!B:B,A5,Kunci_Jawaban!F:F,"Keluar") -> 1713 | E5: =C5-D5 -> 108 | F5: =SUMIF(Kunci_Jawaban!B:B,A5,Kunci_Jawaban!L:L) -> 33898012
A6: BB-002 | B6: Resin Polimer | C6: =SUMIFS(Kunci_Jawaban!G:G,Kunci_Jawaban!B:B,A6,Kunci_Jawaban!F:F,"Masuk") -> 2757 | D6: =SUMIFS(Kunci_Jawaban!G:G,Kunci_Jawaban!B:B,A6,Kunci_Jawaban!F:F,"Keluar") -> 1663 | E6: =C6-D6 -> 1094 | F6: =SUMIF(Kunci_Jawaban!B:B,A6,Kunci_Jawaban!L:L) -> 70652695
A7: CH-001 | B7: Cat Epoxy | C7: =SUMIFS(Kunci_Jawaban!G:G,Kunci_Jawaban!B:B,A7,Kunci_Jawaban!F:F,"Masuk") -> 3076 | D7: =SUMIFS(Kunci_Jawaban!G:G,Kunci_Jawaban!B:B,A7,Kunci_Jawaban!F:F,"Keluar") -> 1369 | E7: =C7-D7 -> 1707 | F7: =SUMIF(Kunci_Jawaban!B:B,A7,Kunci_Jawaban!L:L) -> 78567456
A8: KM-001 | B8: Kardus Box L | C8: =SUMIFS(Kunci_Jawaban!G:G,Kunci_Jawaban!B:B,A8,Kunci_Jawaban!F:F,"Masuk") -> 2129 | D8: =SUMIFS(Kunci_Jawaban!G:G,Kunci_Jawaban!B:B,A8,Kunci_Jawaban!F:F,"Keluar") -> 1545 | E8: =C8-D8 -> 584 | F8: =SUMIF(Kunci_Jawaban!B:B,A8,Kunci_Jawaban!L:L) -> 38992846
A9: SP-001 | B9: Bearing 6205 | C9: =SUMIFS(Kunci_Jawaban!G:G,Kunci_Jawaban!B:B,A9,Kunci_Jawaban!F:F,"Masuk") -> 2271 | D9: =SUMIFS(Kunci_Jawaban!G:G,Kunci_Jawaban!B:B,A9,Kunci_Jawaban!F:F,"Keluar") -> 1665 | E9: =C9-D9 -> 606 | F9: =SUMIF(Kunci_Jawaban!B:B,A9,Kunci_Jawaban!L:L) -> 28830744
B10: TOTAL NILAI PERSEDIAAN AKHIR | F10: =SUM(F5:F9) -> 250941753

Sheet Panduan_Rumus
A1: Kolom / Tugas | B1: Rumus & Cara Kerja | C1: Untuk apa skill ini di dunia kerja / bullet CV
A2: Konsep dasar | B2: Data sudah diurutkan per Kode Barang lalu Tanggal (wajib untuk metode FIFO manual di Excel). Setiap barang masuk dianggap 'lapisan/layer' stok dengan harga belinya sendiri; saat barang keluar, yang dianggap terjual/terpakai adalah lapisan TERLAMA lebih dulu (First In First Out). | C2: Ini konsep akuntansi persediaan yang umum dipakai staff admin gudang & finance di perusahaan manufacturing.
A3: Saldo Stok Berjalan | B3: Rumus: SUMIFS(qty s.d. baris ini,kode=kode ini,jenis="Masuk") - SUMIFS(qty s.d. baris ini,kode=kode ini,jenis="Keluar") | C3: Kartu stok berjalan (running balance) - dasar laporan mutasi stok harian/bulanan.
A4: Sisa Qty Layer Ini | B4: Rumus: jika baris ini Masuk -> MAX(0, MIN(Qty layer, TotalMasukSampaiBarisIni - TotalKeluarSampaiBarisIni)); jika Keluar -> kosong | C4: Menghitung berapa unit dari SETIAP batch pembelian yang masih tersisa sampai tanggal laporan - inti dari metode FIFO.
A5: Nilai Sisa Persediaan FIFO | B5: Rumus: Sisa Qty Layer x Harga Beli per Unit layer tsb | C5: Nilai uang persediaan akhir sesuai standar akuntansi FIFO - dibutuhkan untuk laporan keuangan / stock opname.
A6: Rekap per Barang | B6: Rumus: SUMIFS (total masuk/keluar), SUMIF (total nilai FIFO) | C6: Membuat laporan nilai persediaan akhir per SKU - laporan yang nyaris selalu diminta ke admin gudang/inventory control setiap akhir bulan.
A8: Tips CV / Portofolio | B8: Cantumkan sebagai project: Menyusun kartu stok & valuasi persediaan akhir metode FIFO untuk 5 SKU (235 transaksi keluar-masuk) menggunakan Excel formula SUMIFS bertingkat, tanpa bantuan software ERP. | C8: Ini termasuk skill yang jarang dimiliki fresh graduate non-akuntansi - cocok dipakai membedakan diri Anda saat melamar admin gudang/purchasing/inventory.

Sheet Latihan_Lookup
A1: LATIHAN LOOKUP: VLOOKUP, INDEX+MATCH, HLOOKUP
A2: Data transaksi diambil dari sheet Kunci_Jawaban. Isi kolom kuning sendiri di baris 4 dst (baris 3 = contoh).
A4: Tabel Referensi 1: Master Barang & Minimum Stok (untuk VLOOKUP & INDEX+MATCH)
A5: Kode Barang | B5: Nama Barang | C5: Minimum Stok (Qty)
A6: BB-001 | B6: Plat Baja 2mm | C6: 100
A7: BB-002 | B7: Resin Polimer | C7: 100
A8: CH-001 | B8: Cat Epoxy | C8: 80
A9: KM-001 | B9: Kardus Box L | C9: 80
A10: SP-001 | B10: Bearing 6205 | C10: 80
A13: Tabel Referensi 2: Rekomendasi Aksi berdasarkan Level Status Stok (untuk HLOOKUP)
A14: Level | B14: Kritis | C14: Waspada | D14: Aman
A15: Rekomendasi Aksi | B15: Segera PO Ulang | C15: Pantau Ketat | D15: Tidak Perlu Aksi
A18: Area Praktik (data dari sheet Rekap_Ringkasan)
A19: Kode Barang | B19: Saldo Akhir (Qty) | C19: Nama Barang (VLOOKUP) | D19: Minimum Stok (INDEX+MATCH, cek silang) | E19: Level Status (bantuan) | F19: Rekomendasi Aksi (HLOOKUP)
A20: =Rekap_Ringkasan!A6 -> BB-002 | B20: =Rekap_Ringkasan!E6 -> 1094 | C20: =VLOOKUP(A20,$A$6:$C$10,2,FALSE()) -> Resin Polimer | D20: =INDEX($C$6:$C$10,MATCH(A20,$A$6:$A$10,0)) -> 100 | E20: =IF(B20<D20,"Kritis",IF(B20<D20*1.5,"Waspada","Aman")) -> Aman | F20: =HLOOKUP(E20,$B$14:$D$15,2,FALSE()) -> Tidak Perlu Aksi
A21: =Rekap_Ringkasan!A7 -> CH-001 | B21: =Rekap_Ringkasan!E7 -> 1707
A22: =Rekap_Ringkasan!A8 -> KM-001 | B22: =Rekap_Ringkasan!E8 -> 584
A23: =Rekap_Ringkasan!A9 -> SP-001 | B23: =Rekap_Ringkasan!E9 -> 606
A24: =Rekap_Ringkasan!A10 -> 0 | B24: =Rekap_Ringkasan!E10 -> 0
A27: Catatan: XLOOKUP sengaja tidak dipakai sebagai rumus hidup di file ini karena engine yang memverifikasi file ini belum bisa menghitungnya (berisiko rumus rusak/tidak terbaca saat dibuka). INDEX+MATCH di kolom D adalah pengganti XLOOKUP yang hasilnya identik dan didukung semua versi Excel/Google Sheets. Kalau Excel/Google Sheets kamu sudah versi baru, boleh dicoba sendiri (ketik manual): XLOOKUP(A21,A6:A10,C6:C10) — hasilnya akan sama dengan kolom C & D.
