Workbook

Sheet Data_Mentah
A1: NIK | B1: Nama Karyawan | C1: Departemen | D1: Jabatan | E1: Tanggal Masuk | F1: Status Karyawan | G1: Gaji Pokok | H1: Tunjangan Transport | I1: Tunjangan Makan | J1: Jml Hadir (hari) | K1: Jml Izin (hari) | L1: Jml Sakit (hari) | M1: Jml Alpha (hari) | N1: Potongan BPJS Kesehatan | O1: Potongan BPJS TK
A2: EMP1001 | B2: Ayu Santoso | C2: Finance | D2: Staff Finance | E2: 2020-07-03 | F2: Kontrak | G2: 4500000 | H2: 400000 | I2: 330000 | J2: 22 | K2: 0 | L2: 3 | M2: 0 | N2: 45000 | O2: 90000
A3: EMP1002 | B3: Ahmad Santoso | C3: Quality Control | D3: Staff QC | E3: 2020-08-10 | F3: Tetap | G3: 4200000 | H3: 400000 | I3: 250000 | J3: 23 | K3: 3 | L3: 1 | M3: 0 | N3: 42000 | O3: 84000
A4: EMP1003 | B4: Arif Lubis | C4: Finance | D4: Staff Finance | E4: 2019-10-16 | F4: Tetap | G4: 6500000 | H4: 350000 | I4: 250000 | J4: 19 | K4: 2 | L4: 0 | M4: 3 | N4: 65000 | O4: 130000
A5: EMP1004 | B5: Rina Handayani | C5: Quality Control | D5: Inspector QC | E5: 2021-11-09 | F5: Tetap | G5: 4200000 | H5: 400000 | I5: 300000 | J5: 22 | K5: 0 | L5: 3 | M5: 0 | N5: 42000 | O5: 84000
A6: EMP1005 | B6: Rina Simanjuntak | C6: Finance | D6: Akuntan | E6: 2024-12-08 | F6: Tetap | G6: 6500000 | H6: 400000 | I6: 250000 | J6: 23 | K6: 0 | L6: 0 | M6: 1 | N6: 65000 | O6: 130000
A7: EMP1006 | B7: Dedi Hidayat | C7: Quality Control | D7: Staff QC | E7: 2019-02-18 | F7: Tetap | G7: 8500000 | H7: 400000 | I7: 300000 | J7: 19 | K7: 2 | L7: 2 | M7: 1 | N7: 85000 | O7: 170000
A8: EMP1007 | B8: Yuni Wardani | C8: Quality Control | D8: Supervisor QC | E8: 2019-12-02 | F8: Tetap | G8: 5200000 | H8: 300000 | I8: 300000 | J8: 21 | K8: 2 | L8: 1 | M8: 0 | N8: 52000 | O8: 104000
A9: EMP1008 | B9: Taufik Wijaya | C9: HRD | D9: Staff HR | E9: 2021-07-16 | F9: Tetap | G9: 4500000 | H9: 300000 | I9: 330000 | J9: 23 | K9: 2 | L9: 1 | M9: 0 | N9: 45000 | O9: 90000
A10: EMP1009 | B10: Anisa Handayani | C10: Marketing | D10: Staff Marketing | E10: 2020-12-20 | F10: Kontrak | G10: 9500000 | H10: 400000 | I10: 300000 | J10: 23 | K10: 3 | L10: 3 | M10: 0 | N10: 95000 | O10: 190000
A11: EMP1010 | B11: Maya Nugroho | C11: Gudang | D11: Kepala Gudang | E11: 2023-07-15 | F11: Kontrak | G11: 4200000 | H11: 300000 | I11: 250000 | J11: 23 | K11: 1 | L11: 3 | M11: 0 | N11: 42000 | O11: 84000
A12: EMP1011 | B12: Rahmat Pratama | C12: Maintenance | D12: Staff Maintenance | E12: 2024-09-06 | F12: Probation | G12: 9500000 | H12: 350000 | I12: 330000 | J12: 24 | K12: 0 | L12: 0 | M12: 0 | N12: 95000 | O12: 190000
A13: EMP1012 | B13: Yudi Wardani | C13: Purchasing | D13: Staff Purchasing | E13: 2021-04-17 | F13: Tetap | G13: 8500000 | H13: 300000 | I13: 330000 | J13: 23 | K13: 2 | L13: 1 | M13: 0 | N13: 85000 | O13: 170000
... A221: EMP1220 | B221: Hadi Kurniawan | C221: IT | D221: Staff IT | E221: 2020-07-30 | F221: Kontrak | G221: 8500000 | H221: 350000 | I221: 250000 | J221: 18 | K221: 2 | L221: 0 | M221: 4 | N221: 85000 | O221: 170000

Sheet Latihan_Isi_Sendiri
A1: NIK | B1: Nama Karyawan | C1: Departemen | D1: Jabatan | E1: Tanggal Masuk | F1: Status Karyawan | G1: Gaji Pokok | H1: Tunjangan Transport | I1: Tunjangan Makan | J1: Jml Hadir (hari) | K1: Jml Izin (hari) | L1: Jml Sakit (hari) | M1: Jml Alpha (hari) | N1: Potongan BPJS Kesehatan | O1: Potongan BPJS TK | P1: Total Tunjangan | Q1: Total Potongan | R1: Take Home Pay | S1: Masa Kerja (Tahun) | T1: Kategori Masa Kerja | U1: % Kehadiran | V1: Status Kehadiran | X1: Tanggal Laporan (acuan) >> | Y1: 2025-06-30
A2: EMP1001 | B2: Ayu Santoso | C2: Finance | D2: Staff Finance | E2: 2020-07-03 | F2: Kontrak | G2: 4500000 | H2: 400000 | I2: 330000 | J2: 22 | K2: 0 | L2: 3 | M2: 0 | N2: 45000 | O2: 90000 | P2: =H2+I2 -> 730000 | Q2: =N2+O2 -> 135000 | R2: =G2+P2-Q2 -> 5095000 | S2: =DATEDIF(E2,$Y$1,"y") -> 4 | T2: =IF(S2>=5,"Senior",IF(S2>=1,"Menengah","Baru")) -> Menengah | U2: =J2/(J2+K2+L2+M2)*100 -> 88 | V2: =IF(U2>=95,"Baik",IF(U2>=85,"Cukup","Perlu Perhatian")) -> Cukup
A3: EMP1002 | B3: Ahmad Santoso | C3: Quality Control | D3: Staff QC | E3: 2020-08-10 | F3: Tetap | G3: 4200000 | H3: 400000 | I3: 250000 | J3: 23 | K3: 3 | L3: 1 | M3: 0 | N3: 42000 | O3: 84000
A4: EMP1003 | B4: Arif Lubis | C4: Finance | D4: Staff Finance | E4: 2019-10-16 | F4: Tetap | G4: 6500000 | H4: 350000 | I4: 250000 | J4: 19 | K4: 2 | L4: 0 | M4: 3 | N4: 65000 | O4: 130000
A5: EMP1004 | B5: Rina Handayani | C5: Quality Control | D5: Inspector QC | E5: 2021-11-09 | F5: Tetap | G5: 4200000 | H5: 400000 | I5: 300000 | J5: 22 | K5: 0 | L5: 3 | M5: 0 | N5: 42000 | O5: 84000
A6: EMP1005 | B6: Rina Simanjuntak | C6: Finance | D6: Akuntan | E6: 2024-12-08 | F6: Tetap | G6: 6500000 | H6: 400000 | I6: 250000 | J6: 23 | K6: 0 | L6: 0 | M6: 1 | N6: 65000 | O6: 130000
A7: EMP1006 | B7: Dedi Hidayat | C7: Quality Control | D7: Staff QC | E7: 2019-02-18 | F7: Tetap | G7: 8500000 | H7: 400000 | I7: 300000 | J7: 19 | K7: 2 | L7: 2 | M7: 1 | N7: 85000 | O7: 170000
A8: EMP1007 | B8: Yuni Wardani | C8: Quality Control | D8: Supervisor QC | E8: 2019-12-02 | F8: Tetap | G8: 5200000 | H8: 300000 | I8: 300000 | J8: 21 | K8: 2 | L8: 1 | M8: 0 | N8: 52000 | O8: 104000
A9: EMP1008 | B9: Taufik Wijaya | C9: HRD | D9: Staff HR | E9: 2021-07-16 | F9: Tetap | G9: 4500000 | H9: 300000 | I9: 330000 | J9: 23 | K9: 2 | L9: 1 | M9: 0 | N9: 45000 | O9: 90000
A10: EMP1009 | B10: Anisa Handayani | C10: Marketing | D10: Staff Marketing | E10: 2020-12-20 | F10: Kontrak | G10: 9500000 | H10: 400000 | I10: 300000 | J10: 23 | K10: 3 | L10: 3 | M10: 0 | N10: 95000 | O10: 190000
A11: EMP1010 | B11: Maya Nugroho | C11: Gudang | D11: Kepala Gudang | E11: 2023-07-15 | F11: Kontrak | G11: 4200000 | H11: 300000 | I11: 250000 | J11: 23 | K11: 1 | L11: 3 | M11: 0 | N11: 42000 | O11: 84000
A12: EMP1011 | B12: Rahmat Pratama | C12: Maintenance | D12: Staff Maintenance | E12: 2024-09-06 | F12: Probation | G12: 9500000 | H12: 350000 | I12: 330000 | J12: 24 | K12: 0 | L12: 0 | M12: 0 | N12: 95000 | O12: 190000
A13: EMP1012 | B13: Yudi Wardani | C13: Purchasing | D13: Staff Purchasing | E13: 2021-04-17 | F13: Tetap | G13: 8500000 | H13: 300000 | I13: 330000 | J13: 23 | K13: 2 | L13: 1 | M13: 0 | N13: 85000 | O13: 170000
A14: EMP1013 | B14: Rudi Kurniawan | C14: Finance | D14: Akuntan | E14: 2023-09-11 | F14: Tetap | G14: 4800000 | H14: 350000 | I14: 250000 | J14: 22 | K14: 0 | L14: 2 | M14: 0 | N14: 48000 | O14: 96000
... A221: EMP1220 | B221: Hadi Kurniawan | C221: IT | D221: Staff IT | E221: 2020-07-30 | F221: Kontrak | G221: 8500000 | H221: 350000 | I221: 250000 | J221: 18 | K221: 2 | L221: 0 | M221: 4 | N221: 85000 | O221: 170000
A223: Legenda: sel kuning = kolom yang HARUS Anda isi sendiri dengan rumus. Baris 2 sudah berisi contoh rumus sebagai acuan format. Sel $T$1/$U$1 = tanggal acuan laporan (jangan pakai TODAY() supaya hasil tidak berubah-ubah). Lihat sheet 'Panduan_Rumus' untuk penjelasan tiap rumus.

Sheet Kunci_Jawaban
A1: NIK | B1: Nama Karyawan | C1: Departemen | D1: Jabatan | E1: Tanggal Masuk | F1: Status Karyawan | G1: Gaji Pokok | H1: Tunjangan Transport | I1: Tunjangan Makan | J1: Jml Hadir (hari) | K1: Jml Izin (hari) | L1: Jml Sakit (hari) | M1: Jml Alpha (hari) | N1: Potongan BPJS Kesehatan | O1: Potongan BPJS TK | P1: Total Tunjangan | Q1: Total Potongan | R1: Take Home Pay | S1: Masa Kerja (Tahun) | T1: Kategori Masa Kerja | U1: % Kehadiran | V1: Status Kehadiran | X1: Tanggal Laporan (acuan) >> | Y1: 2025-06-30
A2: EMP1001 | B2: Ayu Santoso | C2: Finance | D2: Staff Finance | E2: 2020-07-03 | F2: Kontrak | G2: 4500000 | H2: 400000 | I2: 330000 | J2: 22 | K2: 0 | L2: 3 | M2: 0 | N2: 45000 | O2: 90000 | P2: =H2+I2 -> 730000 | Q2: =N2+O2 -> 135000 | R2: =G2+P2-Q2 -> 5095000 | S2: =DATEDIF(E2,$Y$1,"y") -> 4 | T2: =IF(S2>=5,"Senior",IF(S2>=1,"Menengah","Baru")) -> Menengah | U2: =J2/(J2+K2+L2+M2)*100 -> 88 | V2: =IF(U2>=95,"Baik",IF(U2>=85,"Cukup","Perlu Perhatian")) -> Cukup
A3: EMP1002 | B3: Ahmad Santoso | C3: Quality Control | D3: Staff QC | E3: 2020-08-10 | F3: Tetap | G3: 4200000 | H3: 400000 | I3: 250000 | J3: 23 | K3: 3 | L3: 1 | M3: 0 | N3: 42000 | O3: 84000 | P3: =H3+I3 -> 650000 | Q3: =N3+O3 -> 126000 | R3: =G3+P3-Q3 -> 4724000 | S3: =DATEDIF(E3,$Y$1,"y") -> 4 | T3: =IF(S3>=5,"Senior",IF(S3>=1,"Menengah","Baru")) -> Menengah | U3: =J3/(J3+K3+L3+M3)*100 -> 85.185185 | V3: =IF(U3>=95,"Baik",IF(U3>=85,"Cukup","Perlu Perhatian")) -> Cukup
A4: EMP1003 | B4: Arif Lubis | C4: Finance | D4: Staff Finance | E4: 2019-10-16 | F4: Tetap | G4: 6500000 | H4: 350000 | I4: 250000 | J4: 19 | K4: 2 | L4: 0 | M4: 3 | N4: 65000 | O4: 130000 | P4: =H4+I4 -> 600000 | Q4: =N4+O4 -> 195000 | R4: =G4+P4-Q4 -> 6905000 | S4: =DATEDIF(E4,$Y$1,"y") -> 5 | T4: =IF(S4>=5,"Senior",IF(S4>=1,"Menengah","Baru")) -> Senior | U4: =J4/(J4+K4+L4+M4)*100 -> 79.166667 | V4: =IF(U4>=95,"Baik",IF(U4>=85,"Cukup","Perlu Perhatian")) -> Perlu Perhatian
A5: EMP1004 | B5: Rina Handayani | C5: Quality Control | D5: Inspector QC | E5: 2021-11-09 | F5: Tetap | G5: 4200000 | H5: 400000 | I5: 300000 | J5: 22 | K5: 0 | L5: 3 | M5: 0 | N5: 42000 | O5: 84000 | P5: =H5+I5 -> 700000 | Q5: =N5+O5 -> 126000 | R5: =G5+P5-Q5 -> 4774000 | S5: =DATEDIF(E5,$Y$1,"y") -> 3 | T5: =IF(S5>=5,"Senior",IF(S5>=1,"Menengah","Baru")) -> Menengah | U5: =J5/(J5+K5+L5+M5)*100 -> 88 | V5: =IF(U5>=95,"Baik",IF(U5>=85,"Cukup","Perlu Perhatian")) -> Cukup
A6: EMP1005 | B6: Rina Simanjuntak | C6: Finance | D6: Akuntan | E6: 2024-12-08 | F6: Tetap | G6: 6500000 | H6: 400000 | I6: 250000 | J6: 23 | K6: 0 | L6: 0 | M6: 1 | N6: 65000 | O6: 130000 | P6: =H6+I6 -> 650000 | Q6: =N6+O6 -> 195000 | R6: =G6+P6-Q6 -> 6955000 | S6: =DATEDIF(E6,$Y$1,"y") -> 0 | T6: =IF(S6>=5,"Senior",IF(S6>=1,"Menengah","Baru")) -> Baru | U6: =J6/(J6+K6+L6+M6)*100 -> 95.833333 | V6: =IF(U6>=95,"Baik",IF(U6>=85,"Cukup","Perlu Perhatian")) -> Baik
A7: EMP1006 | B7: Dedi Hidayat | C7: Quality Control | D7: Staff QC | E7: 2019-02-18 | F7: Tetap | G7: 8500000 | H7: 400000 | I7: 300000 | J7: 19 | K7: 2 | L7: 2 | M7: 1 | N7: 85000 | O7: 170000 | P7: =H7+I7 -> 700000 | Q7: =N7+O7 -> 255000 | R7: =G7+P7-Q7 -> 8945000 | S7: =DATEDIF(E7,$Y$1,"y") -> 6 | T7: =IF(S7>=5,"Senior",IF(S7>=1,"Menengah","Baru")) -> Senior | U7: =J7/(J7+K7+L7+M7)*100 -> 79.166667 | V7: =IF(U7>=95,"Baik",IF(U7>=85,"Cukup","Perlu Perhatian")) -> Perlu Perhatian
A8: EMP1007 | B8: Yuni Wardani | C8: Quality Control | D8: Supervisor QC | E8: 2019-12-02 | F8: Tetap | G8: 5200000 | H8: 300000 | I8: 300000 | J8: 21 | K8: 2 | L8: 1 | M8: 0 | N8: 52000 | O8: 104000 | P8: =H8+I8 -> 600000 | Q8: =N8+O8 -> 156000 | R8: =G8+P8-Q8 -> 5644000 | S8: =DATEDIF(E8,$Y$1,"y") -> 5 | T8: =IF(S8>=5,"Senior",IF(S8>=1,"Menengah","Baru")) -> Senior | U8: =J8/(J8+K8+L8+M8)*100 -> 87.5 | V8: =IF(U8>=95,"Baik",IF(U8>=85,"Cukup","Perlu Perhatian")) -> Cukup
A9: EMP1008 | B9: Taufik Wijaya | C9: HRD | D9: Staff HR | E9: 2021-07-16 | F9: Tetap | G9: 4500000 | H9: 300000 | I9: 330000 | J9: 23 | K9: 2 | L9: 1 | M9: 0 | N9: 45000 | O9: 90000 | P9: =H9+I9 -> 630000 | Q9: =N9+O9 -> 135000 | R9: =G9+P9-Q9 -> 4995000 | S9: =DATEDIF(E9,$Y$1,"y") -> 3 | T9: =IF(S9>=5,"Senior",IF(S9>=1,"Menengah","Baru")) -> Menengah | U9: =J9/(J9+K9+L9+M9)*100 -> 88.461538 | V9: =IF(U9>=95,"Baik",IF(U9>=85,"Cukup","Perlu Perhatian")) -> Cukup
A10: EMP1009 | B10: Anisa Handayani | C10: Marketing | D10: Staff Marketing | E10: 2020-12-20 | F10: Kontrak | G10: 9500000 | H10: 400000 | I10: 300000 | J10: 23 | K10: 3 | L10: 3 | M10: 0 | N10: 95000 | O10: 190000 | P10: =H10+I10 -> 700000 | Q10: =N10+O10 -> 285000 | R10: =G10+P10-Q10 -> 9915000 | S10: =DATEDIF(E10,$Y$1,"y") -> 4 | T10: =IF(S10>=5,"Senior",IF(S10>=1,"Menengah","Baru")) -> Menengah | U10: =J10/(J10+K10+L10+M10)*100 -> 79.310345 | V10: =IF(U10>=95,"Baik",IF(U10>=85,"Cukup","Perlu Perhatian")) -> Perlu Perhatian
A11: EMP1010 | B11: Maya Nugroho | C11: Gudang | D11: Kepala Gudang | E11: 2023-07-15 | F11: Kontrak | G11: 4200000 | H11: 300000 | I11: 250000 | J11: 23 | K11: 1 | L11: 3 | M11: 0 | N11: 42000 | O11: 84000 | P11: =H11+I11 -> 550000 | Q11: =N11+O11 -> 126000 | R11: =G11+P11-Q11 -> 4624000 | S11: =DATEDIF(E11,$Y$1,"y") -> 1 | T11: =IF(S11>=5,"Senior",IF(S11>=1,"Menengah","Baru")) -> Menengah | U11: =J11/(J11+K11+L11+M11)*100 -> 85.185185 | V11: =IF(U11>=95,"Baik",IF(U11>=85,"Cukup","Perlu Perhatian")) -> Cukup
A12: EMP1011 | B12: Rahmat Pratama | C12: Maintenance | D12: Staff Maintenance | E12: 2024-09-06 | F12: Probation | G12: 9500000 | H12: 350000 | I12: 330000 | J12: 24 | K12: 0 | L12: 0 | M12: 0 | N12: 95000 | O12: 190000 | P12: =H12+I12 -> 680000 | Q12: =N12+O12 -> 285000 | R12: =G12+P12-Q12 -> 9895000 | S12: =DATEDIF(E12,$Y$1,"y") -> 0 | T12: =IF(S12>=5,"Senior",IF(S12>=1,"Menengah","Baru")) -> Baru | U12: =J12/(J12+K12+L12+M12)*100 -> 100 | V12: =IF(U12>=95,"Baik",IF(U12>=85,"Cukup","Perlu Perhatian")) -> Baik
A13: EMP1012 | B13: Yudi Wardani | C13: Purchasing | D13: Staff Purchasing | E13: 2021-04-17 | F13: Tetap | G13: 8500000 | H13: 300000 | I13: 330000 | J13: 23 | K13: 2 | L13: 1 | M13: 0 | N13: 85000 | O13: 170000 | P13: =H13+I13 -> 630000 | Q13: =N13+O13 -> 255000 | R13: =G13+P13-Q13 -> 8875000 | S13: =DATEDIF(E13,$Y$1,"y") -> 4 | T13: =IF(S13>=5,"Senior",IF(S13>=1,"Menengah","Baru")) -> Menengah | U13: =J13/(J13+K13+L13+M13)*100 -> 88.461538 | V13: =IF(U13>=95,"Baik",IF(U13>=85,"Cukup","Perlu Perhatian")) -> Cukup
... A221: EMP1220 | B221: Hadi Kurniawan | C221: IT | D221: Staff IT | E221: 2020-07-30 | F221: Kontrak | G221: 8500000 | H221: 350000 | I221: 250000 | J221: 18 | K221: 2 | L221: 0 | M221: 4 | N221: 85000 | O221: 170000 | P221: =H221+I221 -> 600000 | Q221: =N221+O221 -> 255000 | R221: =G221+P221-Q221 -> 8845000 | S221: =DATEDIF(E221,$Y$1,"y") -> 4 | T221: =IF(S221>=5,"Senior",IF(S221>=1,"Menengah","Baru")) -> Menengah | U221: =J221/(J221+K221+L221+M221)*100 -> 75 | V221: =IF(U221>=95,"Baik",IF(U221>=85,"Cukup","Perlu Perhatian")) -> Perlu Perhatian

Sheet Rekap_Ringkasan
A1: REKAP HR - PT MAJUJAYA MANUFAKTUR
A2: Sumber data: sheet Kunci_Jawaban
A4: Departemen | B4: Jumlah Karyawan | C4: Total Gaji Pokok | D4: Rata-rata Gaji Pokok | E4: Rata-rata % Kehadiran | F4: Jml Karyawan Kontrak
A5: Finance | B5: =COUNTIF(Kunci_Jawaban!C:C,A5) -> 24 | C5: =SUMIF(Kunci_Jawaban!C:C,A5,Kunci_Jawaban!G:G) -> 147300000 | D5: =AVERAGEIF(Kunci_Jawaban!C:C,A5,Kunci_Jawaban!G:G) -> 6137500 | E5: =AVERAGEIFS(Kunci_Jawaban!U:U,Kunci_Jawaban!C:C,A5) -> 83.639745 | F5: =COUNTIFS(Kunci_Jawaban!C:C,A5,Kunci_Jawaban!F:F,"Kontrak") -> 8
A6: Gudang | B6: =COUNTIF(Kunci_Jawaban!C:C,A6) -> 25 | C6: =SUMIF(Kunci_Jawaban!C:C,A6,Kunci_Jawaban!G:G) -> 173300000 | D6: =AVERAGEIF(Kunci_Jawaban!C:C,A6,Kunci_Jawaban!G:G) -> 6932000 | E6: =AVERAGEIFS(Kunci_Jawaban!U:U,Kunci_Jawaban!C:C,A6) -> 83.99474 | F6: =COUNTIFS(Kunci_Jawaban!C:C,A6,Kunci_Jawaban!F:F,"Kontrak") -> 10
A7: HRD | B7: =COUNTIF(Kunci_Jawaban!C:C,A7) -> 31 | C7: =SUMIF(Kunci_Jawaban!C:C,A7,Kunci_Jawaban!G:G) -> 207500000 | D7: =AVERAGEIF(Kunci_Jawaban!C:C,A7,Kunci_Jawaban!G:G) -> 6693548.4 | E7: =AVERAGEIFS(Kunci_Jawaban!U:U,Kunci_Jawaban!C:C,A7) -> 85.759063 | F7: =COUNTIFS(Kunci_Jawaban!C:C,A7,Kunci_Jawaban!F:F,"Kontrak") -> 13
A8: IT | B8: =COUNTIF(Kunci_Jawaban!C:C,A8) -> 23 | C8: =SUMIF(Kunci_Jawaban!C:C,A8,Kunci_Jawaban!G:G) -> 136900000 | D8: =AVERAGEIF(Kunci_Jawaban!C:C,A8,Kunci_Jawaban!G:G) -> 5952173.9 | E8: =AVERAGEIFS(Kunci_Jawaban!U:U,Kunci_Jawaban!C:C,A8) -> 83.357072 | F8: =COUNTIFS(Kunci_Jawaban!C:C,A8,Kunci_Jawaban!F:F,"Kontrak") -> 8
A9: Maintenance | B9: =COUNTIF(Kunci_Jawaban!C:C,A9) -> 25 | C9: =SUMIF(Kunci_Jawaban!C:C,A9,Kunci_Jawaban!G:G) -> 153600000 | D9: =AVERAGEIF(Kunci_Jawaban!C:C,A9,Kunci_Jawaban!G:G) -> 6144000 | E9: =AVERAGEIFS(Kunci_Jawaban!U:U,Kunci_Jawaban!C:C,A9) -> 85.777614 | F9: =COUNTIFS(Kunci_Jawaban!C:C,A9,Kunci_Jawaban!F:F,"Kontrak") -> 4
A10: Marketing | B10: =COUNTIF(Kunci_Jawaban!C:C,A10) -> 32 | C10: =SUMIF(Kunci_Jawaban!C:C,A10,Kunci_Jawaban!G:G) -> 210100000 | D10: =AVERAGEIF(Kunci_Jawaban!C:C,A10,Kunci_Jawaban!G:G) -> 6565625 | E10: =AVERAGEIFS(Kunci_Jawaban!U:U,Kunci_Jawaban!C:C,A10) -> 83.528968 | F10: =COUNTIFS(Kunci_Jawaban!C:C,A10,Kunci_Jawaban!F:F,"Kontrak") -> 12
A11: Produksi | B11: =COUNTIF(Kunci_Jawaban!C:C,A11) -> 16 | C11: =SUMIF(Kunci_Jawaban!C:C,A11,Kunci_Jawaban!G:G) -> 106000000 | D11: =AVERAGEIF(Kunci_Jawaban!C:C,A11,Kunci_Jawaban!G:G) -> 6625000 | E11: =AVERAGEIFS(Kunci_Jawaban!U:U,Kunci_Jawaban!C:C,A11) -> 84.118283 | F11: =COUNTIFS(Kunci_Jawaban!C:C,A11,Kunci_Jawaban!F:F,"Kontrak") -> 7
A12: Purchasing | B12: =COUNTIF(Kunci_Jawaban!C:C,A12) -> 21 | C12: =SUMIF(Kunci_Jawaban!C:C,A12,Kunci_Jawaban!G:G) -> 130100000 | D12: =AVERAGEIF(Kunci_Jawaban!C:C,A12,Kunci_Jawaban!G:G) -> 6195238.1 | E12: =AVERAGEIFS(Kunci_Jawaban!U:U,Kunci_Jawaban!C:C,A12) -> 83.721331 | F12: =COUNTIFS(Kunci_Jawaban!C:C,A12,Kunci_Jawaban!F:F,"Kontrak") -> 4
A13: Quality Control | B13: =COUNTIF(Kunci_Jawaban!C:C,A13) -> 23 | C13: =SUMIF(Kunci_Jawaban!C:C,A13,Kunci_Jawaban!G:G) -> 140600000 | D13: =AVERAGEIF(Kunci_Jawaban!C:C,A13,Kunci_Jawaban!G:G) -> 6113043.5 | E13: =AVERAGEIFS(Kunci_Jawaban!U:U,Kunci_Jawaban!C:C,A13) -> 82.675798 | F13: =COUNTIFS(Kunci_Jawaban!C:C,A13,Kunci_Jawaban!F:F,"Kontrak") -> 12
A14: TOTAL PERUSAHAAN | B14: =SUM(B5:B13) -> 220 | C14: =SUM(C5:C13) -> 1405400000

Sheet Panduan_Rumus
A1: Kolom / Tugas | B1: Rumus & Cara Kerja | C1: Untuk apa skill ini di dunia kerja / bullet CV
A2: Total Tunjangan | B2: Rumus: Tunjangan Transport + Tunjangan Makan | C2: Menunjukkan Anda bisa menyusun komponen payroll (operator aritmatika sel).
A3: Total Potongan | B3: Rumus: BPJS Kesehatan + BPJS TK | C3: Rekap potongan gaji karyawan sebelum THP.
A4: Take Home Pay (THP) | B4: Rumus: Gaji Pokok + Total Tunjangan - Total Potongan | C4: Menghitung gaji bersih 220 karyawan otomatis -> bisa ditulis di CV: 'Menyusun perhitungan payroll otomatis untuk 200+ karyawan, mengurangi waktu proses manual hingga 70%'.
A5: Masa Kerja (Tahun) | B5: Rumus: DATEDIF(TanggalMasuk, TanggalLaporan, "y") | C5: DATEDIF menghitung selisih tahun antar tanggal - dipakai untuk cek masa kerja, evaluasi kontrak, dan hak cuti.
A6: Kategori Masa Kerja | B6: Rumus: IF(MasaKerja>=5,"Senior",IF(MasaKerja>=1,"Menengah","Baru")) | C6: Nested IF - klasifikasi otomatis, sering diminta perusahaan untuk laporan komposisi karyawan.
A7: % Kehadiran | B7: Rumus: Hadir/(Hadir+Izin+Sakit+Alpha)*100 | C7: Menghitung tingkat kehadiran per karyawan - dasar bonus kehadiran/reward.
A8: Status Kehadiran | B8: Rumus: IF(persen>=95,"Baik",IF(persen>=85,"Cukup","Perlu Perhatian")) | C8: Klasifikasi otomatis untuk rekap absensi bulanan HR.
A9: Rekap per Departemen | B9: Rumus: COUNTIF, SUMIF, AVERAGEIF, AVERAGEIFS, COUNTIFS | C9: Fungsi paling sering diminta rekruter admin/HR untuk membuat rekap & laporan manajemen -> bukti kuat skill Excel intermediate.
A11: Tips CV / Portofolio | C11: Cantumkan sebagai project: 'Membuat sistem rekap HR 220 karyawan (payroll, absensi, masa kerja) menggunakan Excel formula (IF, DATEDIF, SUMIF, COUNTIFS, AVERAGEIFS) - mempercepat pembuatan laporan bulanan dari manual (± 2 hari) menjadi otomatis (< 1 jam).' | D11: Angka 'dari 2 hari jadi 1 jam' boleh dipakai sebagai estimasi realistis proses manual vs otomatis, cantumkan di CV sebagai simulasi/latihan mandiri, bukan pengalaman kerja formal supaya tetap jujur.

Sheet Latihan_Lookup
A1: LATIHAN LOOKUP: VLOOKUP, INDEX+MATCH, HLOOKUP
A2: Data karyawan diambil dari sheet Kunci_Jawaban. Isi kolom kuning sendiri di baris 4 dst (baris 3 = contoh).
A4: Tabel Referensi 1: Tunjangan Jabatan per Departemen (untuk VLOOKUP & INDEX+MATCH)
A5: Departemen | B5: Kode Dept | C5: Tunjangan Jabatan (Rp)
A6: Finance | B6: DPT01 | C6: 750000
A7: Gudang | B7: DPT02 | C7: 600000
A8: HRD | B8: DPT03 | C8: 900000
A9: IT | B9: DPT04 | C9: 500000
A10: Maintenance | B10: DPT05 | C10: 500000
A11: Marketing | B11: DPT06 | C11: 1200000
A12: Produksi | B12: DPT07 | C12: 500000
A13: Purchasing | B13: DPT08 | C13: 750000
A14: Quality Control | B14: DPT09 | C14: 1200000
A17: Tabel Referensi 2: Persentase Kenaikan Tunjangan per Kategori Masa Kerja (untuk HLOOKUP)
A18: Kategori | B18: Baru | C18: Menengah | D18: Senior
A19: % Kenaikan | B19: 0 | C19: 0.05 | D19: 0.1
A22: Area Praktik (data dari sheet Kunci_Jawaban)
A23: NIK | B23: Nama Karyawan | C23: Departemen | D23: Kategori Masa Kerja | E23: Tunjangan Jabatan (VLOOKUP) | F23: Tunjangan Jabatan (INDEX+MATCH, cek silang) | G23: % Kenaikan (HLOOKUP)
A24: =Kunci_Jawaban!A2 -> EMP1001 | B24: =Kunci_Jawaban!B2 -> Ayu Santoso | C24: =Kunci_Jawaban!C2 -> Finance | D24: =Kunci_Jawaban!T2 -> Menengah | E24: =VLOOKUP(C24,$A$6:$C$14,3,FALSE()) -> 750000 | F24: =INDEX($C$6:$C$14,MATCH(C24,$A$6:$A$14,0)) -> 750000 | G24: =HLOOKUP(D24,$B$18:$D$19,2,FALSE()) -> 0.05
A25: =Kunci_Jawaban!A3 -> EMP1002 | B25: =Kunci_Jawaban!B3 -> Ahmad Santoso | C25: =Kunci_Jawaban!C3 -> Quality Control | D25: =Kunci_Jawaban!T3 -> Menengah
A26: =Kunci_Jawaban!A4 -> EMP1003 | B26: =Kunci_Jawaban!B4 -> Arif Lubis | C26: =Kunci_Jawaban!C4 -> Finance | D26: =Kunci_Jawaban!T4 -> Senior
A27: =Kunci_Jawaban!A5 -> EMP1004 | B27: =Kunci_Jawaban!B5 -> Rina Handayani | C27: =Kunci_Jawaban!C5 -> Quality Control | D27: =Kunci_Jawaban!T5 -> Menengah
A28: =Kunci_Jawaban!A6 -> EMP1005 | B28: =Kunci_Jawaban!B6 -> Rina Simanjuntak | C28: =Kunci_Jawaban!C6 -> Finance | D28: =Kunci_Jawaban!T6 -> Baru
A29: =Kunci_Jawaban!A7 -> EMP1006 | B29: =Kunci_Jawaban!B7 -> Dedi Hidayat | C29: =Kunci_Jawaban!C7 -> Quality Control | D29: =Kunci_Jawaban!T7 -> Senior
A30: =Kunci_Jawaban!A8 -> EMP1007 | B30: =Kunci_Jawaban!B8 -> Yuni Wardani | C30: =Kunci_Jawaban!C8 -> Quality Control | D30: =Kunci_Jawaban!T8 -> Senior
A31: =Kunci_Jawaban!A9 -> EMP1008 | B31: =Kunci_Jawaban!B9 -> Taufik Wijaya | C31: =Kunci_Jawaban!C9 -> HRD | D31: =Kunci_Jawaban!T9 -> Menengah
A32: =Kunci_Jawaban!A10 -> EMP1009 | B32: =Kunci_Jawaban!B10 -> Anisa Handayani | C32: =Kunci_Jawaban!C10 -> Marketing | D32: =Kunci_Jawaban!T10 -> Menengah
A33: =Kunci_Jawaban!A11 -> EMP1010 | B33: =Kunci_Jawaban!B11 -> Maya Nugroho | C33: =Kunci_Jawaban!C11 -> Gudang | D33: =Kunci_Jawaban!T11 -> Menengah
A34: =Kunci_Jawaban!A12 -> EMP1011 | B34: =Kunci_Jawaban!B12 -> Rahmat Pratama | C34: =Kunci_Jawaban!C12 -> Maintenance | D34: =Kunci_Jawaban!T12 -> Baru
A35: =Kunci_Jawaban!A13 -> EMP1012 | B35: =Kunci_Jawaban!B13 -> Yudi Wardani | C35: =Kunci_Jawaban!C13 -> Purchasing | D35: =Kunci_Jawaban!T13 -> Menengah
A36: =Kunci_Jawaban!A14 -> EMP1013 | B36: =Kunci_Jawaban!B14 -> Rudi Kurniawan | C36: =Kunci_Jawaban!C14 -> Finance | D36: =Kunci_Jawaban!T14 -> Menengah
... A53: =Kunci_Jawaban!A31 -> EMP1030 | B53: =Kunci_Jawaban!B31 -> Bayu Sitorus | C53: =Kunci_Jawaban!C31 -> Marketing | D53: =Kunci_Jawaban!T31 -> Senior
A56: Catatan: XLOOKUP sengaja tidak dipakai sebagai rumus hidup di file ini karena engine yang memverifikasi file ini belum bisa menghitungnya (berisiko rumus rusak/tidak terbaca saat dibuka). INDEX+MATCH di kolom F adalah pengganti XLOOKUP yang hasilnya identik dan didukung semua versi Excel/Google Sheets. Kalau Excel/Google Sheets kamu sudah versi baru, boleh dicoba sendiri (ketik manual, jangan copy-paste dari sini): XLOOKUP(C3,A6:A14,C6:C14) — hasilnya akan sama dengan kolom E & F.
